ep,loss,ret_start,steps_mean,succ_stab,succ_speed,succ_both,abs_err_mean,vy_lo_raw_mean,f_in_mean,stance_time_mean,flight_time_mean,l_min_mean,step_length_mean,E_apex_end_mean,reasons_top
1,-0.5554187988241513,0.6098781841108576,8.7,0.03333333333333333,0.5,0.0,1.4856495886826933,1.0358175451033915,477.86813259060165,0.13720634559884567,0.1093677080327081,0.9142715777851897,0.7352910910326352,1028.5499015451296,"fall_before_apex:29, success:1"
2,-1.0877112676699956,0.7570493565872312,9.166666666666666,0.03333333333333333,0.6333333333333333,0.03333333333333333,1.0142995010923797,0.7771403032510301,370.2751665936461,0.1376639410126911,0.08478322293447299,0.9231393338630605,0.7348102597496454,1017.0033339821973,"fall_before_apex:29, success:1"
3,-1.3190178389350573,0.7725124602826933,9.033333333333333,0.0,0.6,0.0,1.0397736735531815,0.8238373434046766,445.6745771842491,0.13558114495640822,0.08853151286335502,0.9242578983934298,0.7502615607704378,1008.7484276843312,fall_before_apex:30
4,-0.7957923794786136,1.0023098072657983,6.933333333333334,0.03333333333333333,0.8333333333333334,0.03333333333333333,0.5577896528403394,0.610150536118431,398.618905457873,0.13571346503399143,0.06575859806859813,0.9338193934652003,0.7139834683564782,991.0690385326967,"fall_before_apex:29, success:1"
5,-1.6633144482970237,0.8444781543066104,9.566666666666666,0.13333333333333333,0.6333333333333333,0.13333333333333333,1.117214253041418,0.9865987744225416,509.4566958485359,0.1383500871459696,0.10564069794584506,0.9162752222569645,0.8549516134199421,1040.6841320924714,"fall_before_apex:26, success:4"
6,-1.7257673693820834,0.5427146011342605,10.233333333333333,0.13333333333333333,0.43333333333333335,0.06666666666666667,1.6780871279775584,1.0642578787370145,470.79540068660197,0.13629044492544504,0.11390742254477555,0.910440088155325,0.7709063746411068,1038.6976558496037,"fall_before_apex:26, success:4"
7,-4.763711979240179,0.20757589613397917,11.733333333333333,0.13333333333333333,0.3,0.13333333333333333,2.2489312378183586,1.1167522087540753,466.75196617355397,0.13092665761254005,0.11847456384574039,0.9065553177266048,0.7177968356237773,1046.7720509034148,"fall_before_apex:26, success:4"
8,-3.1154304328064124,0.7063601771990459,9.5,0.03333333333333333,0.6,0.03333333333333333,1.067021539091482,0.8953021480965461,438.8989108477366,0.13826390493221385,0.09538652946182363,0.9190182517957318,0.7913682830709591,1009.1914584157422,"fall_before_apex:29, success:1"
9,-3.6557964608073235,0.5473809482374539,11.2,0.2,0.4,0.16666666666666666,1.4966223890629422,1.2364420614645646,490.07203053041144,0.14474450503200514,0.1340251394901396,0.9020057228603384,0.9032783168563709,1037.4682373820049,"fall_before_apex:24, success:6"
10,-4.554700610910853,0.2402592087785403,8.933333333333334,0.06666666666666667,0.36666666666666664,0.06666666666666667,2.098618104438036,1.059829110264238,456.8859975521105,0.13290970842510325,0.1158197924687399,0.9084148481994228,0.6892708569482637,1019.1938849194775,"fall_before_apex:28, success:2"
11,-2.2706247416635352,0.7954183710118135,8.366666666666667,0.06666666666666667,0.6333333333333333,0.06666666666666667,0.956496432955563,0.8222868493259399,442.9950251731835,0.1375176522709031,0.08821356036407124,0.9234668590374592,0.760122398193937,1008.0116771853249,"fall_before_apex:28, success:2"
12,-2.621502913037936,0.829603769381841,9.7,0.13333333333333333,0.5,0.1,1.088536833169495,0.9418019211878299,486.03405338138066,0.13713689810189822,0.10033178343586245,0.9185058802918422,0.828030793503967,1036.5550018403742,"fall_before_apex:26, success:4"
13,-3.289194518948595,0.6746544020871321,10.666666666666666,0.13333333333333333,0.5333333333333333,0.06666666666666667,1.2657401675976614,0.8991940716750935,421.4195376906525,0.13752222883597892,0.09639754629629636,0.9175229923061116,0.7813267403895128,1029.8161855000262,"fall_before_apex:26, success:4"
14,-3.958482003211975,0.6284911289811135,9.933333333333334,0.06666666666666667,0.4666666666666667,0.0,1.335325741500598,0.8635478669748445,424.92346569473943,0.13345515947015954,0.09192610833610841,0.9201868116742095,0.7519635040338433,1006.4833214484526,"fall_before_apex:28, success:2"
15,-5.17291962535431,0.2258236002177,8.7,0.0,0.3333333333333333,0.0,2.0160999951262193,1.1429740651067708,489.33539600427304,0.13535922420172428,0.12314090270840279,0.9057139968490954,0.7528977694554845,1027.2310197071854,fall_before_apex:30
16,-3.478047122247517,0.4887260681639115,10.466666666666667,0.1,0.36666666666666664,0.06666666666666667,1.711748391153796,1.1390616612842837,491.21517896370455,0.13618151228401235,0.12061012089762098,0.9071651277490462,0.828910275372871,1045.2589882428306,"fall_before_apex:27, success:3"
17,-3.3938622092207273,0.6722029983997345,9.266666666666667,0.1,0.5,0.06666666666666667,1.220311506441141,0.9622271908722678,437.94056528152663,0.14112921957671967,0.10359435846560856,0.9148881503828286,0.7985030405572663,1017.1753804493969,"fall_before_apex:27, success:3"
18,-2.770987912019094,0.7832692606995503,9.166666666666666,0.06666666666666667,0.5666666666666667,0.0,1.1502277860103463,0.910117227789398,445.80896753127024,0.13870732091982105,0.09830645095645102,0.9185507757745073,0.8087564182279685,1034.8337702775798,"fall_before_apex:28, success:2"
19,-4.295263923207918,0.4149041046698888,10.933333333333334,0.13333333333333333,0.36666666666666664,0.13333333333333333,1.6600751162134852,1.2286016737491983,503.46170020973307,0.14057678783906732,0.1322950003291916,0.9025806646437113,0.8570801805691936,1042.7282477895656,"fall_before_apex:26, success:4"
20,-6.251202171295882,0.3449393483499686,10.366666666666667,0.0,0.3333333333333333,0.0,1.7704154007074597,1.1509385708203006,483.54536895927026,0.13897473059033053,0.12297578473054874,0.90600086367217,0.802549354432649,1030.0154210941523,fall_before_apex:30
21,-4.1955871904889745,0.6534096680581569,10.6,0.13333333333333333,0.5333333333333333,0.13333333333333333,1.3205574533485547,0.9895740997424324,452.1844570046626,0.1372364615014616,0.10535241538962133,0.9150245509577531,0.8028030852009207,1039.3241860699438,"fall_before_apex:26, success:4"
22,-4.9329976434508955,0.2581170260906219,9.833333333333334,0.06666666666666667,0.3,0.06666666666666667,1.9253990522129243,1.2390294495504883,508.88038343118865,0.1398713293297118,0.1347767108055344,0.9009706889027356,0.8298932953578736,1029.6164180511912,"fall_before_apex:28, success:2"
23,-3.518145823230346,0.7528490175803503,9.166666666666666,0.06666666666666667,0.6,0.03333333333333333,1.0646260094411868,0.8270295662631258,420.3475223756639,0.13664380217449112,0.08833996867755,0.9214599052139617,0.7634897834691362,1017.6731518069814,"fall_before_apex:28, success:2"
24,-3.2923947577675183,0.7673414220412572,9.033333333333333,0.03333333333333333,0.6,0.0,1.0704124210324093,0.7982983331414742,392.78080236267823,0.13561537612284527,0.0863812925004992,0.9230261092260152,0.7457655261837458,1013.5168315053355,"fall_before_apex:29, success:1"
25,-5.396263908719023,0.24868808165192605,8.6,0.03333333333333333,0.3333333333333333,0.03333333333333333,1.8637897410083846,1.1935243628679546,476.1374785250792,0.14076394961519972,0.13003752465127474,0.9027858218754302,0.7939275680688425,1011.5663910451464,"fall_before_apex:29, success:1"
26,-6.983239235480626,0.31884908612895135,10.766666666666667,0.0,0.3,0.0,1.8325284916155633,1.1016547906441783,469.27562733279325,0.13756543298806465,0.1186968236709685,0.9071804226386744,0.7932852677371562,1028.6264477485765,fall_before_apex:30
27,-4.320187247047822,0.5755532745271921,8.9,0.03333333333333333,0.5,0.03333333333333333,1.3136972017342876,1.0037800981433915,456.19156905570196,0.1402756419343185,0.10920559371728496,0.9134258712121235,0.8128735419723565,1016.2737174024794,"fall_before_apex:29, success:1"
28,-5.564303478598594,0.5487603709722558,11.666666666666666,0.2,0.4,0.13333333333333333,1.444162628606404,1.0443834250789303,461.9113043934334,0.14021521825396835,0.11151945105820112,0.911594346429792,0.8182126515867715,1053.4055186026892,"fall_before_apex:24, success:6"
29,-2.056410730878512,0.9737199346224467,8.0,0.06666666666666667,0.8333333333333334,0.06666666666666667,0.7696004125635374,0.5472760250089556,331.75888340689045,0.13288886627261637,0.059940927267177306,0.9344083835686855,0.6731184925299629,1002.7998917521026,"fall_before_apex:28, success:2"
30,-5.323164643719792,0.5228696142633756,10.833333333333334,0.03333333333333333,0.5,0.03333333333333333,1.6346627874928032,1.0404297646193563,463.11071674762456,0.13644741235702157,0.11058300132286594,0.9113588492549923,0.7825093040277569,1035.0662149649736,"fall_before_apex:29, success:1"
31,-6.377498717606068,0.4078486683778465,10.2,0.0,0.36666666666666664,0.0,1.6526502646321677,1.1429045432643057,487.87496893631464,0.1400140914487703,0.12450585957572423,0.9064725289639242,0.8363227881892897,1034.7246800333623,fall_before_apex:30
32,-6.204823612173398,0.21369073800742627,9.766666666666667,0.06666666666666667,0.23333333333333334,0.0,2.0084970155245205,1.2299907405486956,494.31628593681705,0.1401764143239802,0.13355074940310244,0.9007161877244517,0.7942474312871505,1020.4590767867217,"fall_before_apex:28, success:2"
33,-3.5145007103681563,0.6150868410865465,8.566666666666666,0.06666666666666667,0.5333333333333333,0.06666666666666667,1.2337993722190261,1.0294317799463237,478.90018506794746,0.14183891275391286,0.11029903698153705,0.9126383818384353,0.8184671006951704,1011.3876214049297,"fall_before_apex:28, success:2"
34,-4.861947260300318,0.6836845764269431,10.233333333333333,0.06666666666666667,0.43333333333333335,0.03333333333333333,1.2821142930345362,1.0199380262772106,475.64653761319636,0.13882156374671092,0.10819351901366617,0.9142321492647315,0.8344584858653437,1035.7072106333806,"fall_before_apex:28, success:2"
35,-5.331026014685631,0.4376458506953592,9.3,0.0,0.43333333333333335,0.0,1.57955651294673,1.0296587656806777,447.194043837287,0.13796884444259455,0.11184465155215163,0.9122427339213487,0.7697657174244886,1005.8839984684461,fall_before_apex:30
36,-5.089520749573906,0.5896294794976711,9.866666666666667,0.06666666666666667,0.4666666666666667,0.06666666666666667,1.3030870771678749,1.0333638543085055,482.2296874814951,0.13926549724785028,0.11250309108919412,0.9128131064176651,0.8535280178217666,1026.5381783783732,"fall_before_apex:28, success:2"
37,-5.912502239644527,0.3113416984366874,9.166666666666666,0.03333333333333333,0.3,0.0,1.9435929295307959,1.1067804904206338,483.0720276209074,0.13847970957691558,0.12197983245512665,0.9062069230259766,0.752750546242596,1029.56922583442,"fall_before_apex:29, success:1"
38,-7.952867000053327,0.43615701161324977,11.966666666666667,0.16666666666666666,0.3333333333333333,0.0,1.8032874029690136,1.0622422537915859,465.4292525756097,0.1340671208530033,0.1114513504578211,0.9105822296025832,0.7751277350004924,1049.9457956017036,"fall_before_apex:25, success:5"
39,-5.692409762491782,0.4499515226886918,8.833333333333334,0.03333333333333333,0.43333333333333335,0.03333333333333333,1.4701598685614965,1.069151458344746,462.0577240087896,0.14014060195652311,0.11492920848887962,0.9100031530463009,0.8013125060785483,1006.3843571213322,"fall_before_apex:29, success:1"
40,-6.492906199892362,0.2883718656996886,9.333333333333334,0.06666666666666667,0.3333333333333333,0.03333333333333333,1.9949606408956104,1.1204602852211336,460.8838523524029,0.13634521404521413,0.12062237854737862,0.9051088512965741,0.7564560303031624,1044.1871326910857,"fall_before_apex:28, success:2"
41,-3.4928273980816207,0.6773391664028168,7.733333333333333,0.03333333333333333,0.6666666666666666,0.03333333333333333,1.2099313431055587,0.8205932321699513,423.2216662381314,0.13752630882132438,0.08875747432936291,0.9212259173068804,0.7123243830590394,989.6567448929571,"fall_before_apex:29, success:1"
42,-4.801106143991152,0.6434410943572099,10.033333333333333,0.1,0.5,0.06666666666666667,1.2778052666949633,1.0353072174969915,474.2173563080071,0.1403637577750195,0.11227171551416143,0.9126030443074452,0.8486074103780719,1022.1942381713123,"fall_before_apex:27, success:3"
43,-7.897018633689731,0.20533581452909858,10.066666666666666,0.03333333333333333,0.23333333333333334,0.0,1.902785062290699,1.3165903852899818,519.8670524887901,0.14319802309890553,0.14248816006433665,0.8972089470631787,0.8586340226675504,1030.6849298825684,"fall_before_apex:29, success:1"
44,-6.33610730258127,0.26028224515418213,8.2,0.0,0.36666666666666664,0.0,1.9144095582681646,1.1868305659828118,484.25103549160053,0.14130955970772155,0.12742789088362627,0.901668614390048,0.7660238825652501,1010.3726956185224,fall_before_apex:30
45,-2.642050188034773,0.7609930664300919,11.5,0.2,0.5333333333333333,0.16666666666666666,1.1710262005482868,1.048847752828179,485.38629144552726,0.14149765355015365,0.1127601490176491,0.9133147753675865,0.8610120076359074,1049.8171687446224,"fall_before_apex:24, success:6"
46,-4.844149491935968,0.27713815656801066,7.033333333333333,0.0,0.4,0.0,1.6645770924231404,1.1568530412320415,490.55872307283346,0.14467699115699126,0.1286523865948867,0.9035986547539797,0.7905909225338454,980.926025457531,fall_before_apex:30
47,-5.225333911428849,0.528830467350781,8.766666666666667,0.0,0.4666666666666667,0.0,1.2937875503695286,1.0820381442122793,491.5599998272812,0.14175351204351214,0.1166519083231584,0.9099070499489039,0.840463939353598,1015.6909546606532,fall_before_apex:30
48,-6.620781456927459,0.42009836981693904,11.0,0.03333333333333333,0.4,0.0,1.6261106112594204,0.979672919088583,445.3464303889657,0.13635412673096894,0.10605991142629309,0.9138526033090464,0.7477907597181184,1011.6645142108244,"fall_before_apex:29, success:1"
49,-6.180404456456502,0.49825990870594977,10.033333333333333,0.13333333333333333,0.4666666666666667,0.1,1.5972383238880552,1.1016190812394018,452.3740006891616,0.14047253043253055,0.11759602018352026,0.907380737922031,0.7919934591379157,1025.6552490944687,"fall_before_apex:26, success:4"
50,-4.753939734150966,0.4174939520036181,9.533333333333333,0.1,0.4,0.1,1.644356783954278,1.1705009113418496,495.54929143090226,0.14324734719528848,0.1286343661567192,0.9044359490664365,0.8172446820594318,1034.0893214790972,"fall_before_apex:27, success:3"
51,-2.7392997791369758,0.8338436638315518,8.833333333333334,0.1,0.6666666666666666,0.06666666666666667,1.0933072973569788,0.8507894382003057,456.10155117180426,0.1365081147501737,0.09158813991836058,0.9222736628020578,0.7635595984619538,1021.6128812861151,"fall_before_apex:27, success:3"
52,-2.0819694340229034,1.0050518364955983,10.266666666666667,0.1,0.7333333333333333,0.1,0.7051581124294051,0.7473567656345078,433.59114250070667,0.13634963370994338,0.08007822371585535,0.9291671987019154,0.7917527871495632,1035.9624543965053,"fall_before_apex:27, success:3"
53,-5.979483863214652,0.43764686298867067,9.533333333333333,0.06666666666666667,0.43333333333333335,0.06666666666666667,1.507281685987258,1.0512594471447425,420.5999624074641,0.14225703282012114,0.11512999288293414,0.9097768630730055,0.7800065912857786,1005.7308630359487,"fall_before_apex:28, success:2"
54,-4.422808691610893,0.6662739721437295,9.1,0.0,0.5333333333333333,0.0,1.16902436754791,0.9696962407344915,468.7756459342111,0.14240859309263731,0.10824474218319816,0.9159982059350172,0.8078050133584395,1022.6611718774801,fall_before_apex:30
55,-2.9818220272660256,0.8271692246198654,8.3,0.03333333333333333,0.7,0.03333333333333333,1.0262799817689385,0.7421614225558139,401.8021823559426,0.1366700905575907,0.08153137057387064,0.9264031417078741,0.716893321696696,1019.9320908012959,"fall_before_apex:29, success:1"
56,-3.84850831925869,0.7274285281697909,9.8,0.1,0.5666666666666667,0.06666666666666667,1.1462185385761638,1.0435648021962864,468.52082277701066,0.14262359797609805,0.1123128871128872,0.912684050549699,0.8439648122969416,1032.7554648610533,"fall_before_apex:27, success:3"
57,-6.176723586581647,0.47411018665879967,10.4,0.06666666666666667,0.4,0.06666666666666667,1.5373153958210533,1.207213148651806,505.54678577316173,0.14376599354349368,0.12922599719724728,0.9041679610448523,0.8722705537001799,1043.3135999217436,"fall_before_apex:28, success:2"
58,-4.0982852148513,0.5893999587744474,8.366666666666667,0.0,0.5,0.0,1.2150370287891163,0.9951893244469378,474.5876449533176,0.14063477388352397,0.10847887413512422,0.9149639267254508,0.8010188882842975,1010.6386109283933,fall_before_apex:30
59,-5.652874713887771,0.5884082356467843,10.333333333333334,0.13333333333333333,0.4666666666666667,0.13333333333333333,1.3224766211697891,1.0903992785577057,472.58314468126275,0.14096158884487844,0.11625267474241166,0.9094789162142615,0.8540919444244295,1043.5241804979191,"fall_before_apex:26, success:4"
60,-1.5175233443578084,1.051480120420456,10.3,0.2,0.8,0.16666666666666666,0.748934963326556,0.6878213229227922,367.62577604673305,0.13689512223071054,0.07397449671787913,0.9291503896588662,0.7497007435018392,1038.39543054008,"fall_before_apex:24, success:6"
61,-5.8735193024079,0.5382363970081011,10.833333333333334,0.06666666666666667,0.4,0.06666666666666667,1.3102257907467032,1.107820269861682,454.8769143593272,0.1428864412144444,0.11954469289869067,0.9080769900985115,0.8430570215294514,1022.8588149526335,"fall_before_apex:28, success:2"
62,-5.1447758898139,0.5798060350120068,9.433333333333334,0.1,0.5,0.06666666666666667,1.2366090193169021,0.961662083473724,445.2676357770434,0.14147052883119068,0.10590038551317969,0.9157265713214465,0.7849550043521399,1001.2552002553767,"fall_before_apex:27, success:3"
63,-3.6714980458219846,0.822960072895512,10.166666666666666,0.1,0.6,0.1,0.9547378158140941,0.95516051129448,444.65547847802276,0.14073227101845528,0.10270945896939325,0.9171663922882967,0.8403667266863314,1024.8001002290607,"fall_before_apex:27, success:3"
64,-5.698637064794699,0.2772974412888288,9.033333333333333,0.0,0.3333333333333333,0.0,1.809800647914771,1.2828719474866048,506.7164103099364,0.1442148384404268,0.1399381288898008,0.8989493649913606,0.8116273027003992,1017.5616918819544,fall_before_apex:30
65,-4.178405028581619,0.7091770619153976,9.166666666666666,0.13333333333333333,0.5666666666666667,0.1,1.0769470833969952,1.0479228114988712,510.5213387815836,0.14228433954933967,0.11320860112110119,0.9131512460847927,0.8556664672035498,1009.0003366592315,"fall_before_apex:26, success:4"
66,-5.658288003504277,0.591583039611578,8.933333333333334,0.06666666666666667,0.5,0.03333333333333333,1.3569283031505706,0.9170065598582755,447.59747280820415,0.13542897546897553,0.09884737854737861,0.9177197529910477,0.7712785447951891,1028.360205656343,"fall_before_apex:28, success:2"
67,-7.110096724828084,0.13426322415471076,8.3,0.0,0.23333333333333334,0.0,1.862863001245018,1.3565181864557851,508.2404705572484,0.14736586672586682,0.14715576465201474,0.8946645687961696,0.8376671588963925,1004.6292435201917,fall_before_apex:30
68,-4.645601674417654,0.7600942125233511,11.2,0.1,0.5666666666666667,0.1,1.0644611098034067,0.9421999524478409,438.61340618448673,0.141259640735082,0.10176646563675981,0.917138354182855,0.8355084052188196,1039.8821244508476,"fall_before_apex:27, success:3"
69,-2.726120267311732,0.8666057668626308,9.533333333333333,0.0,0.6666666666666666,0.0,0.8271860191321139,0.8923121142904903,467.3900716756537,0.1401319272666332,0.09580000122426599,0.921702302878317,0.8491635727291638,1020.5471843377514,fall_before_apex:30
70,-8.137873677164317,-0.007732052356004715,9.4,0.06666666666666667,0.1,0.03333333333333333,2.207405678686013,1.448051080910721,531.490151105226,0.14657612887112897,0.1598568070818072,0.8892844421583074,0.8306723689466128,1013.2431311579018,"fall_before_apex:28, success:2"
71,-4.64161142061154,0.6991764796276887,9.0,0.03333333333333333,0.5666666666666667,0.03333333333333333,1.0384643964606062,0.9906696897336097,477.5660749839754,0.14175133726295502,0.10828698744610515,0.9148116175464693,0.8550270620976854,1021.9897336510942,"fall_before_apex:29, success:1"
72,-7.0208040977517765,0.36848713163053615,9.2,0.03333333333333333,0.3333333333333333,0.0,1.6698084489114176,1.1862386510532539,504.97740468980106,0.1434595029239767,0.12935800473405748,0.9040131959889021,0.8147099959643997,1022.3514558315752,"fall_before_apex:29, success:1"
73,-6.903564320504666,0.4334051948778021,10.566666666666666,0.1,0.3333333333333333,0.06666666666666667,1.4955757591780894,1.177940740203748,491.1875113674626,0.14380082327029706,0.12710595541885022,0.9048179772755283,0.850721372502646,1030.0643113736958,"fall_before_apex:27, success:3"
74,-3.9261758411924044,0.6115831904113292,7.9,0.06666666666666667,0.5666666666666667,0.06666666666666667,1.1783836349112302,1.0348562766449871,475.46928598262735,0.1424918598068599,0.11224010646760654,0.9125218156252909,0.8264570100822455,1008.7070448234899,"fall_before_apex:28, success:2"
75,-5.711537578143179,0.4557321029404799,9.1,0.06666666666666667,0.4666666666666667,0.06666666666666667,1.6608720682476457,1.0507345012943785,451.61617446384633,0.13833896676852567,0.1134815226494639,0.9097300756526144,0.7453548772716718,1022.0810292635174,"fall_before_apex:28, success:2"
76,-6.88317319030563,0.5098992037276427,10.633333333333333,0.03333333333333333,0.43333333333333335,0.03333333333333333,1.5880425275534154,1.0755082264134062,491.9352892566011,0.13720634022696726,0.11481903116147704,0.9113927594396876,0.7910403289749781,1041.19247735434,"fall_before_apex:29, success:1"
77,-7.077726348737875,0.2975451372563839,9.266666666666667,0.06666666666666667,0.3,0.03333333333333333,1.780381318848364,1.1885020702852456,492.33447457258836,0.14167775530025542,0.12878932511932523,0.9030871926516609,0.7845201585380461,1018.4801907352523,"fall_before_apex:28, success:2"
78,-2.8807306468486784,0.8038144074380398,8.6,0.03333333333333333,0.6666666666666666,0.03333333333333333,1.0385002412867024,0.8515730934727656,456.26053040007974,0.13647522457161013,0.09154071489999514,0.9227924361841117,0.761210485033995,1020.06747308648,"fall_before_apex:29, success:1"
79,-3.185294601569573,0.7833343458672365,8.9,0.1,0.6666666666666666,0.1,1.1087601207939823,0.9311553663148386,444.06906109534714,0.1391473734054617,0.10050303438391683,0.9180866865797632,0.7929888625733227,1020.7037949115617,"fall_before_apex:27, success:3"
80,-5.143861874441305,0.583978364802897,10.633333333333333,0.13333333333333333,0.5,0.13333333333333333,1.3870703209915853,1.1273971938752987,476.6511397749473,0.14204526490938266,0.1202886464842348,0.9078628758560789,0.8640728976530236,1044.2874861091668,"fall_before_apex:26, success:4"
81,-9.19024695456028,0.08230639503647884,10.266666666666667,0.0,0.13333333333333333,0.0,1.9666685324796733,1.4553970819352091,557.6887468501365,0.14541188154925008,0.15824225655192772,0.8914704243313889,0.904732603079198,1034.4316667275775,fall_before_apex:30
82,-7.536901794870695,0.3157620463830729,10.633333333333333,0.1,0.26666666666666666,0.03333333333333333,1.6662256019519468,1.2519310123156941,510.2247262228981,0.14302012295696515,0.13547440896822485,0.9023317347816652,0.8541711660542367,1029.117425224563,"fall_before_apex:27, success:3"
83,-6.476296572480351,0.593836496770382,11.233333333333333,0.06666666666666667,0.4,0.06666666666666667,1.3362446175758547,1.0995185093999742,487.7103784861,0.14098574660633495,0.11717521606933379,0.9099115684546923,0.8481330385980101,1039.4708155179728,"fall_before_apex:28, success:2"
84,-5.49286706695954,0.5509715850154558,10.966666666666667,0.16666666666666666,0.43333333333333335,0.1,1.5503052281857472,1.1543224778558951,458.62220066838375,0.14268728192372937,0.12251057124649241,0.9064423609984644,0.8123761433081584,1034.7008357321167,"fall_before_apex:25, success:5"
85,-5.890282363692919,0.6299393670093195,9.9,0.06666666666666667,0.5333333333333333,0.06666666666666667,1.272799397610231,0.95493733873753,447.4305646258635,0.1380409183688403,0.10145709500395265,0.9161429444387871,0.7843023008463537,1030.4417610073463,"fall_before_apex:28, success:2"
86,-3.542468894645572,0.6487634657571714,10.0,0.13333333333333333,0.5666666666666667,0.13333333333333333,1.2055025195802558,1.0522659044836258,453.08730008575753,0.1447454959256431,0.11562511904761913,0.9111885108740452,0.8309385936418091,1007.588732336341,"fall_before_apex:26, success:4"
87,-5.468097684284051,0.694016694277525,9.5,0.06666666666666667,0.5333333333333333,0.03333333333333333,1.1138088371454482,0.9048065192547025,442.7358985117984,0.139141704856318,0.09845889454399523,0.9188972175336868,0.7733913501489054,1013.2675377088386,"fall_before_apex:28, success:2"
88,-3.936118716498216,0.7015070714056492,9.066666666666666,0.06666666666666667,0.5,0.03333333333333333,1.2251696280170863,0.9094348682638425,461.57199366863466,0.13945176305176316,0.10146291518666525,0.9186067643609361,0.7668533625761379,1021.8822012997418,"fall_before_apex:28, success:2"
89,-8.816289511819681,0.2801616490275289,10.466666666666667,0.0,0.26666666666666666,0.0,1.8354220302449236,1.2861115109299186,506.4494266073527,0.14407406237281245,0.13852832468457477,0.8987756661184505,0.8550843775179291,1040.1371393644147,fall_before_apex:30
90,-7.037962302068869,0.2836599258085092,10.566666666666666,0.06666666666666667,0.3333333333333333,0.06666666666666667,1.953559049849813,1.2797548813658117,520.5482329517615,0.13969108398681937,0.1374032125554185,0.9000821170333148,0.8417750664959347,1027.5449581607943,"fall_before_apex:28, success:2"
91,-6.02860405507187,0.5879124656319619,10.666666666666666,0.13333333333333333,0.36666666666666664,0.13333333333333333,1.2943392310074289,1.207125559343942,487.8431884744194,0.14698485347985357,0.12980317155067167,0.9046491064235533,0.8978135007113017,1030.4452993368423,"fall_before_apex:26, success:4"
92,-4.960683650771776,0.7041174829006195,9.8,0.03333333333333333,0.5,0.03333333333333333,1.1885018019590998,0.9365740024044481,448.33777636290665,0.13835346999405831,0.10120240344622705,0.9176381864620352,0.7989786118131833,1039.912179498917,"fall_before_apex:29, success:1"
93,-8.542160427570343,0.32453116479640204,11.333333333333334,0.06666666666666667,0.26666666666666666,0.03333333333333333,1.8558316735620994,1.2688692806180144,509.87788662108653,0.1411703947251007,0.13664287012279672,0.9000527905525151,0.8617984419293702,1044.866930898678,"fall_before_apex:28, success:2"
94,-8.304058057069778,0.19389774861435097,9.4,0.0,0.23333333333333334,0.0,1.8708471161851437,1.3099443703244744,484.8432437325467,0.14794400132275143,0.1436960164835166,0.8957146886409052,0.8350685746756811,1004.487379704677,fall_before_apex:30
95,-7.735237944622835,0.4182476957018177,9.233333333333333,0.03333333333333333,0.43333333333333335,0.03333333333333333,1.57563412653975,1.099928900283542,457.9026766389574,0.14115099688437932,0.11883873381520448,0.9073343907759912,0.8011331987611359,1015.5988579993945,"fall_before_apex:29, success:1"
96,-7.069810300072034,0.2695227620502313,9.333333333333334,0.0,0.3,0.0,1.8058109507889044,1.2766583875351363,527.1053624350892,0.14230749791874803,0.1398127375483994,0.9009390232237371,0.8347093127636026,1013.8929118262729,fall_before_apex:30
97,-7.2432133143146835,0.35448994835217795,9.1,0.06666666666666667,0.3333333333333333,0.03333333333333333,1.674331324765913,1.2415528152427697,504.69198832744854,0.14413187744688527,0.13607179505135397,0.9015187958751809,0.821908870553607,1017.717993990317,"fall_before_apex:28, success:2"
98,-6.8376287485162415,0.4646964505314827,9.6,0.03333333333333333,0.4666666666666667,0.03333333333333333,1.6556376195830667,0.9827113701675647,433.55088587860695,0.13693414211877458,0.10748133850082388,0.9123375349473662,0.7342068553806856,1013.9699959061414,"fall_before_apex:29, success:1"
99,-7.256199593096971,0.31852833094696203,8.9,0.1,0.36666666666666664,0.03333333333333333,1.6132569730992068,1.2509825482480583,520.6308655163089,0.14296933123249309,0.13527979263927803,0.9017471686307098,0.8627445722482405,1012.896146990402,"fall_before_apex:27, success:3"
100,-3.8317807828386625,0.7214761589343349,10.033333333333333,0.13333333333333333,0.5,0.06666666666666667,1.1287288718236597,1.0956771159584233,488.576694649492,0.14305846136434383,0.1191030298786182,0.910132570361013,0.8776979908397181,1030.2924689454576,"fall_before_apex:26, success:4"
101,-6.7203924181560675,0.3166480479373907,8.866666666666667,0.03333333333333333,0.3333333333333333,0.0,1.6049681724140716,1.2557905546918953,521.3327586599511,0.14554185910580655,0.13733690697217021,0.9014678534669327,0.8461018835394097,1012.1514403102203,"fall_before_apex:29, success:1"
102,-7.069768906384707,0.523358083392183,11.266666666666667,0.13333333333333333,0.4,0.13333333333333333,1.3698585959349643,1.2031118343053138,486.42537206530477,0.1457384381007137,0.13205772634500584,0.9044239478533945,0.9019788703760964,1027.0604664421082,"fall_before_apex:26, success:4"
103,-8.165989238520464,0.39967136196792125,10.466666666666667,0.03333333333333333,0.36666666666666664,0.03333333333333333,1.711687971820581,1.0661691109859672,469.4311921801406,0.13753209317485646,0.11484951722741203,0.9097896979635688,0.79191691614369,1039.0469208034656,"fall_before_apex:29, success:1"
104,-8.385250301162403,0.3355600534472615,10.666666666666666,0.06666666666666667,0.3333333333333333,0.06666666666666667,1.7510581627577557,1.2121618985360163,511.6007655415844,0.14028835079408616,0.1286277182077183,0.9036199915286784,0.8190462182771827,1031.0044533681566,"fall_before_apex:28, success:2"
105,-6.892943010479212,0.44153981261576214,10.166666666666666,0.06666666666666667,0.36666666666666664,0.03333333333333333,1.483192818782457,1.1673573409098483,512.737204486099,0.14213195720945732,0.129814035917786,0.906771675825174,0.853971516799324,1024.6634905754322,"fall_before_apex:28, success:2"
106,-4.042629258334637,0.7924008024235566,9.433333333333334,0.03333333333333333,0.6,0.03333333333333333,1.0420995090968628,0.9122751680183,458.99340730691557,0.1405282319695556,0.10078202840732259,0.9195018533024524,0.8098845435033599,1027.2825657411415,"fall_before_apex:29, success:1"
107,-7.95138153086106,0.3050187596430381,9.966666666666667,0.03333333333333333,0.26666666666666666,0.0,1.6469450142723205,1.2611366157167738,534.3103169087741,0.144606290885041,0.13768136904761916,0.9007339477998008,0.8588768206510944,1031.5584674243762,"fall_before_apex:29, success:1"
108,-3.207104198137919,0.9103643916702518,9.133333333333333,0.03333333333333333,0.7333333333333333,0.03333333333333333,0.9113234471713729,0.8689636013229924,462.73426478214117,0.13898677441839216,0.0945762384021208,0.9221397391614511,0.8270427730180212,1028.7054901235688,"fall_before_apex:29, success:1"
109,-6.57781459937493,0.37612897430857023,9.3,0.1,0.4,0.1,1.5519799664520777,1.2723883326043746,491.04852322993213,0.14637002718471767,0.1388395436787156,0.8996746833548973,0.8606189481072626,1006.6292266751776,"fall_before_apex:27, success:3"
110,-4.69062042683363,0.7904239096989234,11.266666666666667,0.13333333333333333,0.5333333333333333,0.06666666666666667,1.1108546987315366,1.0460212479813824,484.2794465453336,0.1412775299824875,0.1124290245351198,0.9135915575931772,0.8718421915605692,1032.5709342319374,"fall_before_apex:26, success:4"
111,-8.271318864325682,0.38792652138508854,9.666666666666666,0.03333333333333333,0.36666666666666664,0.03333333333333333,1.633560390720342,1.101680561724708,454.5396216117681,0.1390750814556388,0.11872793946679404,0.908092919506813,0.7822853124858266,1021.4911434350519,"fall_before_apex:29, success:1"
112,-5.609244656562805,0.6583031224707763,8.8,0.03333333333333333,0.5333333333333333,0.0,1.295818933018725,1.0011424337665067,435.0313026860545,0.1398004016354017,0.10819766594516603,0.9143096925312448,0.7873296659920216,1015.3266325889415,"fall_before_apex:29, success:1"
113,-3.579513583580653,0.7686153143644333,9.366666666666667,0.1,0.6333333333333333,0.1,1.115392716352889,1.0253696732627693,510.1692738331066,0.14028233886483896,0.10998190295815304,0.9141146352445585,0.8745953406418165,1029.9155409668708,"fall_before_apex:27, success:3"
114,-5.977948024868965,0.5119544435292482,10.2,0.06666666666666667,0.43333333333333335,0.06666666666666667,1.4093543598793496,1.1349900946619451,482.3811004533606,0.14290079050851118,0.12359194060841126,0.9083189772619341,0.8310780561968476,1027.6367279317053,"fall_before_apex:28, success:2"
115,-4.53806634756426,0.8114402368664742,9.333333333333334,0.03333333333333333,0.6333333333333333,0.03333333333333333,0.966954245612587,0.8974881210108238,449.6832715211984,0.1395506866281867,0.09559352994227997,0.9194918474644675,0.8267982182127753,1025.468301416235,"fall_before_apex:29, success:1"
116,-5.613283890485763,0.7315184637904167,11.3,0.13333333333333333,0.5666666666666667,0.13333333333333333,1.1246773271014048,1.0820864247006363,482.26585019076157,0.14202568315943326,0.11498668905168913,0.9110800591302071,0.882195042730612,1044.022367228323,"fall_before_apex:26, success:4"
117,-6.511487390473485,0.7084551163017749,10.3,0.06666666666666667,0.5666666666666667,0.06666666666666667,1.2395899504522454,0.9015433234306351,433.79780923931327,0.13724518829854365,0.09683420469637581,0.9188820295935933,0.7715838077999925,1038.2949440989248,"fall_before_apex:28, success:2"
118,-6.932043296098709,0.37800180713335674,10.0,0.1,0.43333333333333335,0.1,1.8207900558905998,1.1550612367581732,497.6841331353211,0.1392356795480635,0.12380012257550967,0.9057143737464686,0.7947766481416424,1025.132221227575,"fall_before_apex:27, success:3"
119,-3.0340645497043925,0.8729228248198827,9.333333333333334,0.06666666666666667,0.6333333333333333,0.06666666666666667,0.902131652659207,0.8986033914449201,483.76456370211747,0.13984817671406688,0.09696924653433946,0.9214047340375334,0.829777515760646,1034.468304836068,"fall_before_apex:28, success:2"
120,-4.077069235096375,0.9702242563168207,9.966666666666667,0.1,0.7,0.1,0.7309450571135702,0.8305352280650788,452.74794692492156,0.13826472158001965,0.08831169214442826,0.9247852721649846,0.8323616633839869,1024.9522609979865,"fall_before_apex:27, success:3"
121,-6.177007257938385,0.45415183864533903,9.266666666666667,0.03333333333333333,0.4,0.03333333333333333,1.4943502870291723,1.237252992713708,537.4882620242689,0.14546145853630382,0.13606914811681847,0.9027385475726188,0.8789173645281051,1022.481441488727,"fall_before_apex:29, success:1"
122,-5.397098944087824,0.5437735494226217,9.166666666666666,0.13333333333333333,0.5,0.1,1.466514716206306,1.0414739045795505,459.7655708627862,0.1403370927220928,0.1142219803344804,0.9107150330298434,0.8054742353078269,1017.0204604873632,"fall_before_apex:26, success:4"
123,-9.019475872814656,0.19055004318555196,9.933333333333334,0.03333333333333333,0.23333333333333334,0.03333333333333333,1.8364853419448963,1.3169391163989848,512.2450465845361,0.144564945710178,0.14345375950087647,0.896654065330867,0.8741495335001777,1027.5439806031636,"fall_before_apex:29, success:1"
124,-8.256572257479032,0.06859201366702715,8.666666666666666,0.03333333333333333,0.2,0.03333333333333333,2.0849710807006585,1.5111918467194547,550.7718242067441,0.14871137304960844,0.1641085747422513,0.8873860660527093,0.883216133750924,1016.3558441347438,"fall_before_apex:29, success:1"
125,-5.773416013518969,0.792734204729398,12.066666666666666,0.23333333333333334,0.5,0.13333333333333333,1.2056894330977628,1.0600785805580804,488.4058264496031,0.14095630110630125,0.11475780543530552,0.9120855072788872,0.8811096757918251,1059.0796039433505,"fall_before_apex:23, success:7"
126,-4.363097505271435,0.7726448525985082,8.833333333333334,0.06666666666666667,0.6,0.03333333333333333,1.0266680902242806,0.7724184488664979,395.62644730833176,0.1368260993581583,0.0848519762753587,0.9241609844635036,0.7361522175474966,1017.939178702723,"fall_before_apex:28, success:2"
127,-6.6778774489959085,0.3538653364405036,8.633333333333333,0.06666666666666667,0.4,0.06666666666666667,1.5012607517046173,1.2197799290107452,528.1267164315459,0.1436259789793111,0.13205734546742684,0.9035658059818913,0.8440197594256544,1005.0626104323869,"fall_before_apex:28, success:2"
128,-4.540943366537491,0.7073052172083407,9.033333333333333,0.06666666666666667,0.5666666666666667,0.03333333333333333,1.1901019487830438,1.0089166411124202,451.63577210973034,0.1424927946127947,0.11000337301587311,0.9140103880688166,0.8371890361221652,1020.0142274681397,"fall_before_apex:28, success:2"
129,-3.7389114927500486,0.7555890964344144,8.5,0.03333333333333333,0.6,0.03333333333333333,0.9858234553057917,0.8810700375173719,429.96496372302954,0.13991237732296952,0.09683504352616201,0.9203630724994303,0.787327509981523,1004.1031656341446,"fall_before_apex:29, success:1"
130,-4.93815999602278,0.8527523308992386,9.566666666666666,0.1,0.6333333333333333,0.06666666666666667,1.085131971005109,0.7722394274334355,418.06412017406655,0.13500219595219604,0.08337743307618313,0.9256776517222881,0.742724281347509,1028.0039003432564,"fall_before_apex:27, success:3"
131,-4.957911173005899,0.688727077220877,8.266666666666667,0.0,0.5666666666666667,0.0,1.1349523191815927,0.9257150060389079,458.78428875165434,0.1403987667887669,0.10108049700299707,0.9181619878849143,0.7818831724365206,1014.8548775097129,fall_before_apex:30
132,-6.506809614722927,0.5700862954060236,9.966666666666667,0.06666666666666667,0.43333333333333335,0.06666666666666667,1.3288856001712361,1.1662857412069243,521.2700732298317,0.14325973724861896,0.12619320246761043,0.9067480146084125,0.8949473745357176,1033.895085044283,"fall_before_apex:28, success:2"
133,-2.505393144674599,0.883402202030023,9.6,0.1,0.7,0.1,0.8753154693327942,0.8629003685529626,429.9408399718164,0.1404835531135532,0.09434074175824182,0.9212364578071921,0.8095892615548858,1025.3211867632272,"fall_before_apex:27, success:3"
134,-6.533964341506362,0.527204428302745,9.633333333333333,0.1,0.43333333333333335,0.1,1.417064409733276,1.0825338824215691,473.7999960292625,0.13966892755392768,0.1159749515299516,0.9105145676614779,0.8138942300736076,1020.5776123059059,"fall_before_apex:27, success:3"
135,-5.101363045473893,0.7502743656436602,9.8,0.03333333333333333,0.5666666666666667,0.03333333333333333,1.1206341368482706,0.9253484738865932,477.485253404839,0.1390031720861985,0.10068645113658278,0.9193806239277026,0.7909576175316082,1028.2136580357133,"fall_before_apex:29, success:1"
136,-9.117737460586552,0.36571392747573556,10.566666666666666,0.1,0.3333333333333333,0.03333333333333333,1.7183934656379956,1.1820703987210437,486.6617788669893,0.14177826735642537,0.12734808093952837,0.9031143533633476,0.8350936068336523,1036.727864204977,"fall_before_apex:27, success:3"
137,-6.887232176959515,0.6335436219970385,10.566666666666666,0.03333333333333333,0.4666666666666667,0.0,1.2679975805798043,1.023539517033387,481.274698171964,0.14131867546167867,0.11142020950325911,0.9142435356026825,0.8242687237902117,1038.3916770107837,"fall_before_apex:29, success:1"
138,-5.016986374929547,0.7573289082075159,9.7,0.06666666666666667,0.5666666666666667,0.06666666666666667,0.980531072229353,0.9654495222035003,467.7456869680155,0.1413507107707109,0.1040184405409406,0.9171292615444249,0.8581124033301929,1029.2294352782396,"fall_before_apex:28, success:2"
139,-7.087707139799992,0.398023912558953,10.666666666666666,0.16666666666666666,0.36666666666666664,0.13333333333333333,1.6425370882454258,1.29889672394444,535.0031324337841,0.14482001988751997,0.1421684560809562,0.8993453754299762,0.8828581433521284,1029.1855654730289,"fall_before_apex:25, success:5"
140,-7.098335274060568,0.3942554397198061,8.666666666666666,0.06666666666666667,0.3333333333333333,0.0,1.6689483440532424,1.208189548639895,503.1122811905427,0.14272235791985802,0.13139123367373376,0.9020856697976591,0.8123012218644876,1017.7734898936471,"fall_before_apex:28, success:2"
141,-6.37358736457924,0.4861432830492655,8.633333333333333,0.0,0.4666666666666667,0.0,1.4873998396043615,1.0864220395971282,473.77486629612224,0.14080769388019398,0.11863441917015453,0.9091348266596698,0.8047801935107982,1015.11720646342,fall_before_apex:30
142,-7.409101673215628,0.5369437145690124,10.966666666666667,0.16666666666666666,0.43333333333333335,0.16666666666666666,1.431044616520794,1.1206616706606736,482.59830826860093,0.14043262714137725,0.11973764004514015,0.9097777362878087,0.8305039280623004,1040.7890809479986,"fall_before_apex:25, success:5"
143,-7.331997562944889,0.40795989483594897,9.766666666666667,0.06666666666666667,0.36666666666666664,0.06666666666666667,1.5339492544852082,1.2183111021681539,513.844294046539,0.1448860432160433,0.13277603970103977,0.9029775670635198,0.8765806792276268,1025.0295487288106,"fall_before_apex:28, success:2"
144,-5.543617051839829,0.6268063390006622,9.2,0.03333333333333333,0.5,0.03333333333333333,1.2933272267501235,1.0050317493243146,450.26799676540725,0.14116237385278418,0.10881556934895177,0.9136547549335629,0.8056415855173952,1035.8907165734904,"fall_before_apex:29, success:1"
145,-5.335373475278417,0.7565746860578656,9.8,0.03333333333333333,0.5666666666666667,0.03333333333333333,1.032928655926114,0.9009245465199378,460.528902080543,0.1396244778669044,0.09771797576606406,0.9194876561564,0.8126579095399792,1029.8902161208612,"fall_before_apex:29, success:1"
146,-5.680338138341904,0.8342869469585518,11.766666666666667,0.1,0.5666666666666667,0.1,0.9689473657080114,1.0042169202614053,475.504926680309,0.14175011506739457,0.10691350705666888,0.9159806140277738,0.880146463296707,1049.4373546272923,"fall_before_apex:27, success:3"
147,-5.859792100389798,0.6157886867721876,9.333333333333334,0.03333333333333333,0.5666666666666667,0.03333333333333333,1.5140709617434134,0.9121128321124446,448.2890055745776,0.1346972156084657,0.09941490206688744,0.9183093364219453,0.7267406291120666,1027.9670431083077,"fall_before_apex:29, success:1"
148,-6.728434533874194,0.4982774431506793,10.4,0.13333333333333333,0.4,0.1,1.6495454295350658,1.2536463217024807,512.7413294872426,0.14368251361655784,0.13600341036414576,0.901156107084229,0.8723079531289396,1034.6705042410772,"fall_before_apex:26, success:4"
149,-6.716563489412268,0.5176629823942979,10.133333333333333,0.1,0.43333333333333335,0.1,1.4038148513369264,1.1974057043003123,517.449124758243,0.14314663540163552,0.1289256581762465,0.9060494082244149,0.8832622970645402,1040.1510875267375,"fall_before_apex:27, success:3"
150,-8.368120607237021,0.34342459589242935,10.366666666666667,0.13333333333333333,0.3,0.1,1.7766369936771782,1.2663645101268861,526.5544090756418,0.1410946536796538,0.13529662097162107,0.9013012825793832,0.8592527689814519,1045.4759229958734,"fall_before_apex:26, success:4"
151,-5.956481394326935,0.6416717697711041,9.2,0.03333333333333333,0.5,0.03333333333333333,1.2434567377098977,1.0735094802248628,491.844930788305,0.1429596932891671,0.1174833438540018,0.9109526631512764,0.8513482419662245,1027.1608856075295,"fall_before_apex:29, success:1"
152,-6.969054867078861,0.6625443811217944,11.1,0.1,0.4,0.06666666666666667,1.2898766393253147,1.087553565643327,489.15210385196923,0.1417848350431246,0.11698603545090396,0.91074704580072,0.8561987840028347,1043.5850764231243,"fall_before_apex:27, success:3"
153,-3.0145699232816696,0.9343983924637238,9.466666666666667,0.03333333333333333,0.7333333333333333,0.03333333333333333,0.8055061509376685,0.8124244961091804,452.36831072416385,0.13795775811334646,0.08865218551056792,0.9249389302861964,0.8122990222740195,1027.0892664380303,"fall_before_apex:29, success:1"
154,-6.184845010812084,0.5596802715522547,9.3,0.06666666666666667,0.4666666666666667,0.06666666666666667,1.291160690768709,1.0768198300501635,461.2738816910175,0.1431008662252781,0.1159761738887475,0.9098385749121672,0.8350086585688579,1022.7595572167164,"fall_before_apex:28, success:2"
155,-7.172195963189006,0.4755247108289041,10.833333333333334,0.06666666666666667,0.4,0.06666666666666667,1.482379133952623,1.1261634100708844,471.5034920089436,0.14333268348725012,0.12131799549149401,0.9071006881582907,0.8223577264651651,1033.3622631208516,"fall_before_apex:28, success:2"
156,-9.034379305814703,0.40426909662783145,9.9,0.0,0.3333333333333333,0.0,1.6541673826749117,1.1294203889995595,514.2385057428112,0.13818964734883862,0.1216624510184805,0.9083539440831309,0.804267620971212,1033.3747617187842,fall_before_apex:30
157,-7.182467832664648,0.46596780891219775,8.4,0.06666666666666667,0.43333333333333335,0.03333333333333333,1.429616227657458,1.1220185794094768,478.57533269535116,0.14230772283272294,0.12237092777592788,0.9072414933774026,0.8266315197447346,1014.4836833879068,"fall_before_apex:28, success:2"
158,-3.588223026692867,0.8185285409912467,9.133333333333333,0.06666666666666667,0.6333333333333333,0.06666666666666667,0.9581066605032921,0.8782925179973307,440.54282236467805,0.14090834585535447,0.09658595250939297,0.9206538619030282,0.8007930456444258,1012.0881199553677,"fall_before_apex:28, success:2"
159,-6.613312491774559,0.44143432813386124,8.333333333333334,0.0,0.43333333333333335,0.0,1.5982748521799404,1.168371198451777,494.02662226785964,0.14251521121035837,0.1265730294841325,0.9052846766311476,0.8243623318900563,1016.6420813566106,fall_before_apex:30
160,-6.248691436151663,0.5353328466415406,8.166666666666666,0.03333333333333333,0.5333333333333333,0.03333333333333333,1.3796582711004495,0.9249899380561029,454.65268756265937,0.13676578208284101,0.10034132886721128,0.9166969903206643,0.742108221390582,1010.0761239436303,"fall_before_apex:29, success:1"
161,-5.12563367386659,0.6327072982986768,9.333333333333334,0.06666666666666667,0.5666666666666667,0.06666666666666667,1.3886838991009882,1.0423355874914964,469.86539464576316,0.14125626156251164,0.11443102104279744,0.9113025925685729,0.8128825519124692,1018.9601935062633,"fall_before_apex:28, success:2"
162,-9.681637111554544,0.3204521113075316,9.9,0.0,0.26666666666666666,0.0,1.771297534104703,1.2339888558302572,520.9124250712838,0.14067350813416615,0.13381874588374598,0.9027848498655662,0.8535269290710402,1032.9185875757107,fall_before_apex:30
163,-5.627652276058992,0.5063452363014221,10.2,0.13333333333333333,0.4666666666666667,0.1,1.594787430984838,1.181569417574622,507.07633861106484,0.14162142857142868,0.12697166666666676,0.9047310317340567,0.8443406872183534,1028.9288833907617,"fall_before_apex:26, success:4"
164,-7.2347043946385385,0.8151154323791464,11.766666666666667,0.03333333333333333,0.4666666666666667,0.0,1.0408818414282817,1.0253574205106846,468.0666701580605,0.14103098298760072,0.10928665658959782,0.9151116290782692,0.8733351618367052,1055.5160093885295,"fall_before_apex:29, success:1"
165,-7.226288736859957,0.5655412138129274,9.333333333333334,0.06666666666666667,0.4666666666666667,0.03333333333333333,1.319047570452619,0.9178997506212566,441.60170505774903,0.13710737791448327,0.10098306125161395,0.917413586810442,0.7563562361209251,1006.737318416014,"fall_before_apex:28, success:2"
166,-5.74555542220672,0.7211578272283077,10.8,0.16666666666666666,0.5666666666666667,0.16666666666666666,1.1636049091587501,1.0639676975523615,481.78885578492464,0.14308828856328867,0.11559802604802615,0.9113175925680039,0.8854239489856754,1036.8996542074417,"fall_before_apex:25, success:5"
167,-3.025670640170574,0.880559378489852,8.2,0.06666666666666667,0.6666666666666666,0.06666666666666667,0.8990940742736039,0.8131252715903515,408.981130864763,0.14113427128427142,0.0893896512746513,0.9225224159183506,0.770105165267786,1013.3122872317113,"fall_before_apex:28, success:2"
168,-7.713365875184536,0.2569346949458122,8.566666666666666,0.06666666666666667,0.3333333333333333,0.03333333333333333,1.7795088510276704,1.246751122065327,501.04590844835076,0.14350776367151374,0.1358563745051246,0.9000704517992931,0.8169346781389208,1007.3324080107685,"fall_before_apex:28, success:2"
169,-4.693213163812955,0.6853742803136508,9.4,0.06666666666666667,0.5666666666666667,0.06666666666666667,1.1135644031285061,0.9505330122451342,428.778187658768,0.14350796602090732,0.10462816509470928,0.9148490093732976,0.8182124779231373,1006.677307095237,"fall_before_apex:28, success:2"
170,-7.417962625622749,0.49187764960030717,9.9,0.0,0.4,0.0,1.3791142510388037,1.156812108533302,483.1156571987237,0.1437295181343712,0.12509816773640312,0.9071713428831436,0.8477266650881935,1032.2610453301104,fall_before_apex:30
171,-8.677482675512632,0.23471874689372876,10.666666666666666,0.1,0.23333333333333334,0.06666666666666667,1.9116421186481551,1.4743115117745056,546.5110187102721,0.1467912496762498,0.16034273051023062,0.8908375460882902,0.9135294801358199,1029.9608962991072,"fall_before_apex:27, success:3"
172,-5.923554118474325,0.5310472166786592,9.233333333333333,0.03333333333333333,0.4666666666666667,0.0,1.5284464765609025,1.0895417634208744,465.6254911989605,0.14126193078850985,0.11912117424972696,0.908485962259036,0.8059248510497399,1015.9314394297612,"fall_before_apex:29, success:1"
173,-5.473445724944273,0.8183670000483593,11.566666666666666,0.16666666666666666,0.5333333333333333,0.13333333333333333,1.0830100189584948,1.005089975563058,460.5076903063746,0.142040766392477,0.10926621800227072,0.915414895235274,0.8530214386009979,1036.914468131905,"fall_before_apex:25, success:5"
174,-7.071838121737043,0.7097755633294582,11.366666666666667,0.06666666666666667,0.5333333333333333,0.06666666666666667,1.2993933782890312,0.9247837426448432,443.67919697222845,0.13665074283731415,0.09890187238830436,0.9183622997330525,0.7949459752056016,1048.7982941113837,"fall_before_apex:28, success:2"
175,-7.395141632854939,0.6891090070207914,9.866666666666667,0.03333333333333333,0.5,0.0,1.0250067422371827,0.9484645603020554,473.6939418641799,0.14121362928251097,0.10338550090017201,0.9172956640249057,0.8268355186268547,1018.1396245581722,"fall_before_apex:29, success:1"
176,-6.4883826543887455,0.5146691127990682,8.833333333333334,0.0,0.43333333333333335,0.0,1.4240125837138093,1.0492118244703492,457.70582689085353,0.14208264550264557,0.11489661375661382,0.9104104742605958,0.7902927972138607,1020.8087006746008,fall_before_apex:30
177,-8.01711437056462,0.5082034790267547,9.233333333333333,0.03333333333333333,0.4666666666666667,0.03333333333333333,1.4034855578236531,0.9682618445693411,451.03052728196116,0.13928026954526965,0.10575155067155073,0.91435576331859,0.7624135290444021,1016.5766862522668,"fall_before_apex:29, success:1"
178,-3.506592325307429,0.9402090532084306,10.7,0.23333333333333334,0.7333333333333333,0.23333333333333334,0.8359114832847114,0.8619597442550474,433.5169602780309,0.13969821828269205,0.09201970180404397,0.9221013445119124,0.8347131362716634,1041.00904842621,"fall_before_apex:23, success:7"
179,-5.2932473162810005,0.7658020175993443,11.1,0.13333333333333333,0.5666666666666667,0.13333333333333333,1.162942155197655,0.9352963347799633,463.02336003659804,0.13922552724565893,0.10140988057751223,0.9185562276294608,0.816871061260495,1045.171297592301,"fall_before_apex:26, success:4"
180,-8.175410146514574,0.4735379468649626,9.0,0.03333333333333333,0.4666666666666667,0.03333333333333333,1.4163344175057793,0.9926780900884679,444.9432955884814,0.14097026517600053,0.10675045523104353,0.9128650365903557,0.7715858697053828,1003.9001395029102,"fall_before_apex:29, success:1"
181,-7.130484114835659,0.6898427809802039,11.433333333333334,0.13333333333333333,0.5333333333333333,0.1,1.3424879919876045,0.9926558545913156,483.7757952265709,0.13655727895198497,0.10527127297539068,0.9163402893806084,0.8246479386139661,1054.8012658814598,"fall_before_apex:26, success:4"
182,-7.297114969044924,0.588723525921038,8.733333333333333,0.0,0.5,0.0,1.271527326533729,0.9898655799365353,478.8760651420715,0.13879009407803536,0.10645508863141223,0.9148918893420847,0.8087140073794468,1014.1661212305239,fall_before_apex:30
183,-4.127201581001282,0.7935506696502368,10.033333333333333,0.1,0.6,0.1,1.0663680844231915,0.9387777442556087,478.292490480896,0.14000783508158515,0.10041919626669632,0.9188259154030562,0.8019277226324985,1029.61957350803,"fall_before_apex:27, success:3"
184,-5.323305861527721,0.7626804128910104,9.866666666666667,0.1,0.6,0.1,0.9970265267043391,0.9806861135739756,458.69820890851946,0.14236360864768768,0.10518196134031668,0.9160189915644821,0.8397572192082077,1017.4180987354491,"fall_before_apex:27, success:3"
185,-3.5499526518086593,0.8445400814215342,8.333333333333334,0.03333333333333333,0.6666666666666666,0.03333333333333333,0.9174000144806594,0.825874576070662,426.09737966763225,0.13927478779018262,0.0904483754208755,0.922641660202981,0.7874039600531763,1012.8506053035858,"fall_before_apex:29, success:1"
186,-8.036970709015925,0.503480660294493,10.433333333333334,0.1,0.43333333333333335,0.06666666666666667,1.3890910587261636,1.0862021405923035,481.96162017973984,0.1408946419004973,0.11732287973722193,0.9102178824268338,0.8370461221139455,1024.2386064599348,"fall_before_apex:27, success:3"
187,-5.124415259063244,0.9842901090780894,12.333333333333334,0.2,0.5333333333333333,0.06666666666666667,0.8932331423625188,1.0511085247204892,497.5964593170357,0.14222696347225766,0.111704387861737,0.9151717289138606,0.9226184040495649,1061.5220927231283,"fall_before_apex:24, success:6"
188,-6.9471310260395205,0.5143811488368859,11.466666666666667,0.1,0.36666666666666664,0.06666666666666667,1.4129948830691914,1.2482827365125226,499.176528253507,0.14530239684177776,0.13310131675027195,0.9023935012322405,0.9119808322613531,1041.5739952352199,"fall_before_apex:27, success:3"
189,-6.414841427405675,0.605893182878693,11.433333333333334,0.13333333333333333,0.4666666666666667,0.13333333333333333,1.3071987599753996,1.1419745207921217,495.4341291655655,0.1435148772019748,0.12420994770079144,0.9078199485957746,0.9081947107049312,1048.4011367091864,"fall_before_apex:26, success:4"
190,-8.65902614245812,0.450451520892481,11.033333333333333,0.13333333333333333,0.3333333333333333,0.1,1.4750585987121598,1.2556713403784083,509.092595783984,0.14571431216931227,0.1379245646945648,0.9018999267163499,0.9159308738924619,1044.58491028147,"fall_before_apex:26, success:4"
191,-4.913734870155652,0.8913307165106138,9.333333333333334,0.1,0.7,0.1,0.7144387434672959,0.7269348510196341,410.1838725158862,0.13744055329946983,0.07869131998892066,0.9283687547085504,0.7676743795700969,1006.2316249828444,"fall_before_apex:27, success:3"
192,-5.964322653288643,0.7449053001900514,8.933333333333334,0.03333333333333333,0.5666666666666667,0.0,0.9512841141820968,0.915441616590968,422.00151092430826,0.14214081134021933,0.0988113375294297,0.9178777142104136,0.8178152208046288,1005.9831877682221,"fall_before_apex:29, success:1"
193,-5.743910541385413,0.6666968582198024,9.766666666666667,0.03333333333333333,0.5333333333333333,0.03333333333333333,1.2007452258673519,1.0157797849500236,444.6726543679794,0.14223991582491594,0.11018143125393132,0.9127727601073388,0.8013316339692338,1030.214183427972,"fall_before_apex:29, success:1"
194,-5.231174529592196,0.7326630192498366,9.633333333333333,0.1,0.6333333333333333,0.06666666666666667,1.2166704447510672,0.8738246172669728,454.4410804249876,0.13626359489409806,0.09490743337244119,0.9208098190608738,0.7759989296261566,1023.1263592793628,"fall_before_apex:27, success:3"
195,-4.351841740806898,0.7339299350976944,9.433333333333334,0.06666666666666667,0.6333333333333333,0.06666666666666667,1.1619898444301364,0.9413928185752328,467.3047186774916,0.1399197010124952,0.10225199478081838,0.9169809862054599,0.7970357966706555,1017.2041032259663,"fall_before_apex:28, success:2"
196,-3.1858321438233057,1.0596455674618483,10.566666666666666,0.16666666666666666,0.7666666666666667,0.16666666666666666,0.739829735711476,0.8150264735149222,461.890631773473,0.13760280481873371,0.08609985007138263,0.926352052363272,0.8469161622218387,1056.6891368450956,"fall_before_apex:25, success:5"
197,-5.5452686632672945,0.803818842706581,9.8,0.06666666666666667,0.6333333333333333,0.06666666666666667,0.8303501538097228,0.8096539029892154,430.5850454725401,0.13926579419319368,0.08906601751762748,0.9241515987057312,0.7887790379694631,1006.5159153097762,"fall_before_apex:28, success:2"
198,-8.010440633197625,0.40726222756008307,10.266666666666667,0.13333333333333333,0.43333333333333335,0.13333333333333333,1.6425418422887312,1.1604283851211499,484.6755475771417,0.14007760030417934,0.12477145103434586,0.904691013115436,0.8140515328721448,1033.4044073550835,"fall_before_apex:26, success:4"
199,-6.909855657815934,0.6085614989201228,12.166666666666666,0.2,0.43333333333333335,0.16666666666666666,1.3609235640124875,1.139472730525167,486.253324132851,0.14239322136197144,0.12515286824286834,0.9081577598667127,0.872747280825456,1040.818127006782,"fall_before_apex:24, success:6"
200,-5.282055354118347,0.764150690101087,10.533333333333333,0.13333333333333333,0.6333333333333333,0.13333333333333333,1.060609297841119,0.8826136130182736,438.7576089549007,0.1384012518500019,0.09491615292115299,0.9210140744181071,0.7895933157801841,1026.0205166259857,"fall_before_apex:26, success:4"
201,-3.2928347448507944,0.8886565523842971,9.466666666666667,0.13333333333333333,0.7,0.1,0.9319162129892177,0.8376738257872584,439.4192377888195,0.13781165704665715,0.08962684463684469,0.9231982065171238,0.8112410835692228,1028.5570388080398,"fall_before_apex:26, success:4"
202,-1.7799709246804316,1.242214881380399,11.5,0.3,0.8666666666666667,0.3,0.3802403401200978,0.7607466112401569,446.7318493078316,0.13852927058808645,0.08053196134275087,0.9287690978898083,0.8907611661437153,1054.7967245836103,"fall_before_apex:21, success:9"
203,-2.714661206305027,1.1607265576720238,14.133333333333333,0.4,0.8,0.4,0.5698211395572025,0.9701644836193317,495.9271490685254,0.14252134837928965,0.10246002300531719,0.919744267325725,0.9758084651308606,1074.4210677425024,"fall_before_apex:18, success:12"
204,-2.4357947965463,1.084862772623698,9.933333333333334,0.13333333333333333,0.8,0.13333333333333333,0.6701399791423152,0.7837894443097796,418.8672796805194,0.13834012284012295,0.08410664113664117,0.9263054846328702,0.8238381778669811,1041.4579501800356,"fall_before_apex:26, success:4"
205,-8.560128626724085,0.6808408230543137,12.466666666666667,0.16666666666666666,0.4666666666666667,0.16666666666666666,1.2023698464010324,1.1022530245859932,496.87820833815334,0.14062274201560976,0.11715269972946452,0.9115423949531161,0.8955736742924612,1051.463415910841,"fall_before_apex:25, success:5"
206,-6.149193911751111,0.8018425456869106,12.0,0.16666666666666666,0.5666666666666667,0.16666666666666666,1.09721214020366,0.9841322450010909,486.8255354492728,0.140113251993105,0.10558659604012553,0.91629824925464,0.8613970655895005,1066.9865944188214,"fall_before_apex:25, success:5"
207,-3.2123513425389927,0.9380045379201571,10.533333333333333,0.23333333333333334,0.7,0.2,0.8219601842211028,0.9342574899267749,476.80975830428963,0.1403817564112302,0.09948917380377913,0.9193706487963774,0.8728641380769914,1036.8574184940387,"fall_before_apex:23, success:7"
208,-3.6669845789670945,1.0422732457208137,12.433333333333334,0.2,0.7333333333333333,0.2,0.6914150222663962,0.8894332873963187,431.04216063254,0.14203235173695708,0.095451932139498,0.9206927560108765,0.8988121650407067,1056.1830843111497,"fall_before_apex:24, success:6"
209,-2.867796122531096,1.1842199196418126,12.433333333333334,0.23333333333333334,0.8333333333333334,0.2,0.5875224278083188,0.7824580175202688,415.16905229206765,0.1388438442385502,0.08159990527446413,0.9269006398360313,0.8590089251319637,1057.7336589451265,"fall_before_apex:23, success:7"
210,-3.9351294185966252,0.8833149903764327,9.933333333333334,0.13333333333333333,0.6666666666666666,0.13333333333333333,0.8353264922323633,0.9029367605545615,438.2264631783415,0.14218724017697715,0.09819987187276666,0.9200212385193242,0.8423002998064114,1024.8208189738946,"fall_before_apex:26, success:4"
211,-4.967097476869822,0.9542517684400081,11.2,0.06666666666666667,0.6666666666666666,0.06666666666666667,0.8228941653130026,0.8365112584931603,420.8142381514736,0.13834232722887144,0.0888909717978101,0.9239980422333266,0.8285280286028905,1045.0344876155816,"fall_before_apex:28, success:2"
212,-2.723387843122085,1.2159117996692657,11.233333333333333,0.16666666666666666,0.8333333333333334,0.13333333333333333,0.46004277538468136,0.6541362212881533,398.32209517058595,0.13601980498789717,0.06939508308699102,0.9330317671033626,0.8130992362182597,1046.4008011659323,"fall_before_apex:25, success:5"
213,-2.217704896628857,1.132403308649858,10.566666666666666,0.13333333333333333,0.8,0.13333333333333333,0.5368175641678609,0.7409423491556432,407.1974141154858,0.14028782691838043,0.07992648505175601,0.9282666964910277,0.8386733296869441,1036.9458270468015,"fall_before_apex:26, success:4"
214,-6.45897758975625,0.8555652215145528,12.666666666666666,0.23333333333333334,0.6,0.2,0.9642409282305167,0.9545502536749384,450.4969924830085,0.1410795121642491,0.10250613531205642,0.9175088543051638,0.885193778866729,1054.8208783701937,"fall_before_apex:23, success:7"
215,-4.417153913279375,1.0812268771231175,12.966666666666667,0.23333333333333334,0.7,0.2,0.7543400789094534,0.9376565154111787,467.395620705861,0.1404431870030555,0.09926328283558553,0.9203647290163093,0.9186951683237053,1073.0583897968665,"fall_before_apex:23, success:7"
216,-4.986566819002231,0.9350073643028736,12.1,0.26666666666666666,0.6666666666666666,0.26666666666666666,0.8336983624352623,0.9207567487391582,476.6137901961123,0.13970903230297976,0.09793211581790537,0.9206769624865919,0.864267077412624,1058.1484383810068,"fall_before_apex:22, success:8"
217,-2.651487089321017,1.1190452752014002,9.7,0.1,0.8333333333333334,0.1,0.45972369318512185,0.617813151024926,398.53656063460323,0.13574058511663786,0.06714789784289789,0.9344254119482903,0.7752775150749861,1027.4340829112223,"fall_before_apex:27, success:3"
218,-5.444419137885173,1.084253024806579,13.233333333333333,0.23333333333333334,0.7,0.2,0.6925878011552347,0.8312849060887014,436.55613473514364,0.13881716121755217,0.08744237345042305,0.9242805458747739,0.8806474581109188,1071.2871046948567,"fall_before_apex:23, success:7"
219,-1.442890199025472,1.2035351098825535,11.6,0.16666666666666666,0.8666666666666667,0.16666666666666666,0.5036510764899625,0.8010177107510384,468.6514549571603,0.1395015502674714,0.08534547259757792,0.9269823641633066,0.8842897335244676,1046.3148341082494,"fall_before_apex:25, success:5"
220,-3.6548054768393436,1.1253854957719645,12.366666666666667,0.3,0.7333333333333333,0.23333333333333334,0.5634194085231686,0.8572783766779746,454.2584284253377,0.14124844546521026,0.09082252632171756,0.9237289931887344,0.9123876538525405,1061.361423775753,"fall_before_apex:21, success:9"
221,-2.822543129573266,1.1119911989507576,11.5,0.2,0.8,0.2,0.5620605023693023,0.8201386497714385,461.70277755046084,0.13948852192741906,0.08597138335119764,0.9259670998091322,0.872502327209983,1046.631903974277,"fall_before_apex:24, success:6"
222,-2.388542995850245,1.2431329290072124,12.633333333333333,0.2,0.8666666666666667,0.2,0.4519448986399441,0.7599503724493959,449.3323966202372,0.13708724227841884,0.08031407850591679,0.9296862508941531,0.8882010545962796,1061.7811875973916,"fall_before_apex:24, success:6"
223,-3.4529196990964315,1.1453652093807856,12.633333333333333,0.2,0.7666666666666667,0.2,0.6270274705909153,0.7942981400225356,437.7746341519598,0.13842453278747407,0.08406128778456959,0.9264944213237437,0.8703361245452307,1059.532226752315,"fall_before_apex:24, success:6"
224,-1.8843300024668375,1.0634534351527691,9.6,0.16666666666666666,0.8333333333333334,0.16666666666666666,0.6108206774605821,0.7405905355324702,439.76554952725456,0.13829840456384582,0.07972583368701021,0.9289728815746963,0.8042851106313839,1032.265797400217,"fall_before_apex:25, success:5"
225,-0.6427633780365188,1.3771495123704274,12.366666666666667,0.3,0.9333333333333333,0.26666666666666666,0.25818982247743044,0.7106659270441881,429.9008535469679,0.13722743797868805,0.07427842407592412,0.9319886298704839,0.8936809085294501,1065.8619179558777,"fall_before_apex:21, success:9"
226,-1.8063817113637923,1.2546071385343869,12.4,0.3,0.8666666666666667,0.26666666666666666,0.36833595520751394,0.7565191770199226,437.45481952620617,0.1394042888508408,0.07931180023923448,0.9289112899276307,0.8881892747472906,1052.8365792133584,"fall_before_apex:21, success:9"
227,-1.5105873870352904,1.1905638491113981,9.933333333333334,0.1,0.9,0.1,0.3853009632452997,0.6812535633782031,409.01390147704404,0.13869387189564827,0.07315225041771099,0.9318576898718015,0.8271560970604523,1024.1177876034885,"fall_before_apex:27, success:3"
228,-2.0167936394611994,1.0634102528293927,9.2,0.2,0.8666666666666667,0.2,0.4481426509236112,0.6374114288323932,357.1760573260807,0.14000590909090918,0.07024405122655128,0.9308973179301671,0.7755794523814171,998.5287300418436,"fall_before_apex:24, success:6"
229,-1.415125082184871,1.2010937203963599,9.966666666666667,0.2,0.9333333333333333,0.2,0.323294213041349,0.6040424431207688,399.46181874451383,0.1375437037037038,0.06434644586894589,0.9352155199286767,0.7939101616066462,1016.3510253359324,"fall_before_apex:24, success:6"
230,-1.2286291286349296,1.3334638247887294,13.1,0.3333333333333333,0.9333333333333333,0.3333333333333333,0.37074096792936506,0.7044373196795983,423.2229850662806,0.13763208916900102,0.07368976151571743,0.9318347651478659,0.867058940943911,1075.296945643138,"fall_before_apex:20, success:10"
231,-2.6933863371610642,1.1772170711153498,12.7,0.4,0.8666666666666667,0.36666666666666664,0.4928644747467424,0.7445702176244833,414.7048848400475,0.1390567311773195,0.07814773268398276,0.9286342399546057,0.858462449859739,1052.7230863764196,"fall_before_apex:18, success:12"
232,-3.3587690671284993,1.2074654400348663,12.466666666666667,0.23333333333333334,0.8333333333333334,0.23333333333333334,0.49923539700313097,0.7232092853112366,422.5807454183289,0.13716018574018582,0.07546601158101161,0.9306547703424708,0.8476200141715913,1064.7269496411623,"fall_before_apex:23, success:7"
233,-1.6097216427326202,1.2353328774484302,11.233333333333333,0.2,0.9,0.2,0.38146523590493486,0.6230980940569888,390.01624822520864,0.13790825142922675,0.06657618090830168,0.9344686029475647,0.8160019387196099,1046.6965148698962,"fall_before_apex:24, success:6"
234,-2.122529668857654,1.272703891992569,13.333333333333334,0.36666666666666664,0.8666666666666667,0.3333333333333333,0.3254708030309341,0.7352198982486428,440.8449635913481,0.13936623151014801,0.07714760861601425,0.9299444492571944,0.8889749637843395,1049.493435887215,"fall_before_apex:19, success:11"
235,-0.49557415346304573,1.3512291212876637,14.2,0.4,0.9666666666666667,0.4,0.2333834316675003,0.698318322327009,440.0682432885015,0.13921417109693437,0.07330267765373032,0.9322918020854317,0.8955208609395499,1057.3608839796382,"fall_before_apex:18, success:12"
236,-2.4513115867972375,1.2650724870463212,12.6,0.23333333333333334,0.8333333333333334,0.2,0.38709052903426155,0.7369355602366309,431.6510056549402,0.1384612528163845,0.07808034804033262,0.9297522705629232,0.8815359389198402,1056.095339852704,"fall_before_apex:23, success:7"
237,-0.8861114099621773,1.3795599202315012,13.366666666666667,0.4,0.9666666666666667,0.4,0.25859286151708066,0.6618723341333237,410.5298964571159,0.13869226346094002,0.06992901702786383,0.9334737741197608,0.8752710996118006,1064.3980319116167,"fall_before_apex:18, success:12"
238,-0.48405939241250356,1.3894895354906718,11.0,0.16666666666666666,1.0,0.16666666666666666,0.2129279797102505,0.5460602444444174,370.8179055839288,0.13613457655891875,0.05761357764068294,0.9386990774526508,0.8011862619361113,1052.1488574722073,"fall_before_apex:25, success:5"
239,-2.2182334924737614,1.2352906341354053,14.333333333333334,0.4,0.8333333333333334,0.4,0.4771592935998213,0.858783783763617,448.83547086700753,0.1412807664995824,0.09066207254246733,0.9241210883220525,0.9409451752682852,1076.8732418091456,"fall_before_apex:18, success:12"
240,-0.9441937948266665,1.3681295176347097,11.033333333333333,0.23333333333333334,0.9666666666666667,0.23333333333333334,0.235976159609525,0.6860528351691019,428.67722887837203,0.13795982894298695,0.071680997262971,0.9324991992001564,0.8841599992048671,1057.939682864932,"fall_before_apex:23, success:7"
241,-1.5295221159855525,1.2139096168180308,10.566666666666666,0.16666666666666666,0.9333333333333333,0.16666666666666666,0.4106171402595832,0.5451740880208534,416.88517696779394,0.13273853715728723,0.05888476671476675,0.939176915083562,0.755487885884479,1036.1064946455185,"fall_before_apex:25, success:5"
242,-1.986166409154733,1.2354563082257906,12.866666666666667,0.36666666666666664,0.9,0.36666666666666664,0.45610686874044226,0.7918860210040407,443.88969870327986,0.13958891612200444,0.08364913943355125,0.9270002867940582,0.9060922990044596,1057.6294584995187,"fall_before_apex:19, success:11"
243,-2.456766698261102,1.1878583078583083,11.733333333333333,0.3,0.8666666666666667,0.3,0.41982529072857666,0.6969780545868896,410.83948571693696,0.13849298960298967,0.07338785737410741,0.9307224511450276,0.8423261160215287,1047.8452206063919,"fall_before_apex:21, success:9"
244,-2.669837496181329,1.1945034603277842,11.933333333333334,0.2,0.8666666666666667,0.2,0.5289931601596585,0.7203009200074552,404.0045295683084,0.13752067895511788,0.07577425852054727,0.9294206018693224,0.8453649275538965,1049.0083157566855,"fall_before_apex:24, success:6"
245,-0.2635288881758849,1.4836102823416393,14.566666666666666,0.4,1.0,0.4,0.207181369017782,0.7304220944768481,434.6922467357756,0.13839060575346576,0.07585452694235593,0.9316384264565628,0.9408855204574096,1090.681759283462,"fall_before_apex:18, success:12"
246,-1.3640451669692992,1.2017679819216331,10.433333333333334,0.16666666666666666,0.9,0.16666666666666666,0.4019610173178733,0.6639368850185406,396.0434520372098,0.13773536061161068,0.07072100552225556,0.9323267599085632,0.816432616900363,1031.7039505153869,"fall_before_apex:25, success:5"
247,-1.0448270956675212,1.2776994665463766,10.933333333333334,0.2,0.9333333333333333,0.2,0.32214499836814064,0.6412111620794555,422.00931493885395,0.13715219875154094,0.067946593206988,0.9348953258179449,0.8276882293917998,1041.961023843544,"fall_before_apex:24, success:6"
248,-0.7873510524630547,1.3338427172352871,11.733333333333333,0.26666666666666666,0.9333333333333333,0.23333333333333334,0.27739528621451687,0.7002274945352613,426.0032409535087,0.13835930184194897,0.07293974252327198,0.932088502996718,0.8719470469547775,1048.7899450273515,"fall_before_apex:22, success:8"
249,-2.829745995812118,1.1640651367604733,10.466666666666667,0.16666666666666666,0.8333333333333334,0.16666666666666666,0.514775172540569,0.7906765999698405,465.6738686943776,0.1385171932234433,0.08435065221815229,0.9278843354943541,0.8717984891862294,1050.6199612459995,"fall_before_apex:25, success:5"
250,-3.183630386243264,1.1367202565073966,12.233333333333333,0.3333333333333333,0.8,0.3,0.478319890430739,0.7605582262656636,428.23884737980666,0.14069190596440606,0.08062770488770493,0.9278091317834964,0.8665410938676378,1040.62653435918,"fall_before_apex:20, success:10"
251,-3.27661952128013,1.1701744655768076,9.933333333333334,0.1,0.8333333333333334,0.1,0.5105210473897072,0.6493078711489221,411.23289782382193,0.13561974879208633,0.06933415007535756,0.9332958289484118,0.7969991628899044,1042.7005113969349,"fall_before_apex:27, success:3"
252,-1.257283206532399,1.3656049112478892,12.1,0.26666666666666666,0.9666666666666667,0.26666666666666666,0.2705249621621909,0.6204215454113008,386.3393016444934,0.13673371212121221,0.06520909090909094,0.9353419565255382,0.8393912280926702,1063.7118566918596,"fall_before_apex:22, success:8"
253,-0.9945375214020411,1.3558401154975097,13.2,0.3,0.9666666666666667,0.3,0.2707939078977011,0.6989285853569653,451.38138179489414,0.13802279839713671,0.07340626699510218,0.9329412712664188,0.8880439570870629,1061.3203171591397,"fall_before_apex:21, success:9"
254,-1.2002692478398482,1.2673431242505708,10.4,0.16666666666666666,0.9333333333333333,0.16666666666666666,0.2957102860734834,0.6340234249796943,435.3322415610236,0.13716795962751854,0.06699926300823365,0.935409570374991,0.8281976623734127,1038.1826385750417,"fall_before_apex:25, success:5"
255,-1.9335907777150472,1.2844515529771645,13.233333333333333,0.3,0.9,0.3,0.47010431165839783,0.7134800929627692,430.45789189171785,0.13642156504428957,0.07478271071206061,0.9315791994019982,0.8628553918705356,1076.868304190165,"fall_before_apex:21, success:9"
256,-2.9311553984880447,1.1228215629855791,9.766666666666667,0.13333333333333333,0.8333333333333334,0.13333333333333333,0.46224401368927964,0.7570902112123279,469.71562730174526,0.13825254913931395,0.08085616997653768,0.928893687576381,0.8608078728266678,1033.4867402739417,"fall_before_apex:26, success:4"
257,-3.450933532168468,1.2041929643445959,12.566666666666666,0.26666666666666666,0.8666666666666667,0.23333333333333334,0.458324051176154,0.6473279355036758,406.3207211372611,0.1365770121082622,0.06833040903540909,0.9336257126432064,0.8156958498226262,1052.084379856568,"fall_before_apex:22, success:8"
258,-3.4580273846785228,1.0409875199198724,9.833333333333334,0.13333333333333333,0.8,0.13333333333333333,0.5831879170899551,0.756657911502857,409.2777623100795,0.13848347092965524,0.0811823566686725,0.927219191694715,0.8177041326518911,1026.708692232222,"fall_before_apex:26, success:4"
259,-4.358713835974535,1.1298715747892856,13.6,0.26666666666666666,0.7666666666666667,0.26666666666666666,0.567744105170508,0.8492124949164067,463.3548471242558,0.1393394885888966,0.08886512275005702,0.9250837105431783,0.9037854900687246,1068.1290222681805,"fall_before_apex:22, success:8"
260,-4.589824331303437,1.118890033227702,13.0,0.3,0.7666666666666667,0.3,0.5793323769610852,0.7877867977722394,409.06508234390486,0.13955529384845186,0.08335127589515752,0.9266566011885864,0.8651942367899077,1060.6364425111947,"fall_before_apex:21, success:9"
261,-1.2327504885693392,1.3796378364165625,13.133333333333333,0.2,0.9,0.13333333333333333,0.29874092639147093,0.6895723497082282,418.920785582818,0.13804223316200492,0.07193598360689311,0.9328755822337798,0.8658560492531293,1064.3449404312485,"fall_before_apex:24, success:6"
262,-1.7783617568512757,1.3358784841994444,11.833333333333334,0.2,0.9666666666666667,0.2,0.2734138277234451,0.6279081763929459,395.92015886694304,0.1374560935017283,0.06578976046041453,0.9344974739402766,0.8361550977199159,1052.6758698971153,"fall_before_apex:24, success:6"
263,-0.6627673784891764,1.4247850279013317,13.2,0.36666666666666664,1.0,0.36666666666666664,0.22358844182167764,0.6665250807092575,424.6297425176734,0.13767244475568013,0.06913511515717402,0.9337850592625133,0.8785407658444592,1072.3630917248142,"fall_before_apex:19, success:11"
264,-2.0240603099266687,1.2374668190876643,11.433333333333334,0.2,0.9,0.2,0.41389114199231225,0.6515699265333693,401.39284451736256,0.1367819632246839,0.06945622640975586,0.9334218803161644,0.8139106375277372,1056.0564277551136,"fall_before_apex:24, success:6"
265,-4.000957503914833,1.2114319572846095,12.033333333333333,0.16666666666666666,0.8,0.16666666666666666,0.476313111935642,0.719464226365987,406.85066601211196,0.1390525064015506,0.07693144212813337,0.9300787449140301,0.8524896962643546,1066.7780305563451,"fall_before_apex:25, success:5"
266,-2.6621915409962336,1.1899351658299566,11.4,0.03333333333333333,0.8333333333333334,0.03333333333333333,0.44829824263115814,0.7744640909871339,433.4999600097646,0.13989835336576056,0.08283855001451369,0.9278533100263793,0.8866876130501953,1051.3029953194566,"fall_before_apex:29, success:1"
267,-3.7976283460855482,1.1019028844932715,12.466666666666667,0.16666666666666666,0.7333333333333333,0.16666666666666666,0.6432339905543779,0.8682121327341724,454.13813979932735,0.14040868265993275,0.09276892316017324,0.9233400441261668,0.8930709519960582,1070.418208152537,"fall_before_apex:25, success:5"
268,-3.3503180061777433,1.2100574135780335,11.433333333333334,0.16666666666666666,0.8333333333333334,0.1,0.45108582559009275,0.7542536893127991,444.36732056636356,0.13992933381433392,0.0797891608663668,0.9285376801253193,0.8598216595797812,1038.8360537874767,"fall_before_apex:25, success:5"
269,-2.3927737860009075,1.236786988377571,10.933333333333334,0.2,0.9,0.2,0.3644868328701796,0.5989697222799771,400.76317823742517,0.13695261777438258,0.06366043466881707,0.9363808934675554,0.7898720530668564,1042.6766966613238,"fall_before_apex:24, success:6"
270,-1.1168675124645233,1.307621216773987,11.6,0.2,0.9,0.16666666666666666,0.33966796958284246,0.6417286139626587,411.14998961134086,0.1379562027215705,0.06775551362852839,0.934448124495269,0.8298046914223798,1053.9586437345274,"fall_before_apex:24, success:6"
271,-3.0359123746554055,1.2746519754330317,12.933333333333334,0.26666666666666666,0.8666666666666667,0.26666666666666666,0.4754401902688137,0.6557258346228529,415.7914647313708,0.13504662675889076,0.06819521189537446,0.9338232028462881,0.8261441995455068,1070.9696851648862,"fall_before_apex:22, success:8"
272,-1.3441980252663295,1.3945529262224834,12.133333333333333,0.26666666666666666,0.9333333333333333,0.26666666666666666,0.2377608234169291,0.6149647270310132,398.7877425553472,0.1368293586275553,0.06476849950559707,0.9360738852575328,0.8464515036860968,1064.5344890124063,"fall_before_apex:22, success:8"
273,-3.690890546143055,1.1971222591896853,13.633333333333333,0.26666666666666666,0.7666666666666667,0.26666666666666666,0.5370521434299614,0.7800964296965202,413.92497608153906,0.13968831992311104,0.08230988989567942,0.92657946966135,0.8817170670982963,1075.4733050438683,"fall_before_apex:22, success:8"
274,-4.018838804960251,1.1312036176522573,11.733333333333333,0.26666666666666666,0.8333333333333334,0.23333333333333334,0.49095842649370486,0.7330689982143735,418.62893726106734,0.138090520571047,0.07798304566291415,0.9291012864356419,0.8464578696232044,1040.9499028553591,"fall_before_apex:22, success:8"
275,-1.0206541327138743,1.4143267199397087,13.466666666666667,0.3,0.9666666666666667,0.3,0.24945593852886647,0.6328251445208074,419.6625480805393,0.13712568454149346,0.06623143780239373,0.9359905476863722,0.8634465975448681,1085.0752527190762,"fall_before_apex:21, success:9"
276,-3.487542756895224,1.213634290297826,13.266666666666667,0.26666666666666666,0.8,0.26666666666666666,0.4613134642155527,0.8368955364566547,452.9917833078568,0.14139275842177554,0.08872401379293801,0.9246774235024694,0.9376587817395142,1068.49399668088,"fall_before_apex:22, success:8"
277,-2.0004138469696047,1.308177258570989,11.266666666666667,0.2,0.9333333333333333,0.2,0.306923431530542,0.6185556027729915,396.4857315531834,0.13741050398675408,0.0660148432585933,0.9347658507589408,0.8242422115636738,1056.339074335531,"fall_before_apex:24, success:6"
278,-1.9273359164595605,1.3413858835895855,12.833333333333334,0.23333333333333334,0.8666666666666667,0.16666666666666666,0.3722004713927704,0.7228879469544334,455.6400381420592,0.1371461001099005,0.0762237277574507,0.9317474406619972,0.8739668500509034,1071.0796379600624,"fall_before_apex:23, success:7"
279,-3.362567428747813,1.1290632049242655,13.433333333333334,0.36666666666666664,0.8,0.36666666666666664,0.5397626409656259,0.8249508899745511,430.0874762119389,0.13935573283269884,0.08685127329599086,0.9254664221764639,0.8867253821483714,1057.9286403444416,"fall_before_apex:19, success:11"
280,-0.6445170481999715,1.4048285007476806,12.466666666666667,0.26666666666666666,0.9666666666666667,0.23333333333333334,0.22573472787093904,0.5911095734063581,380.19903046704474,0.13610809935434945,0.06177386280386284,0.9367719505674496,0.8222458611643609,1057.8086421148334,"fall_before_apex:22, success:8"
281,-0.1239614432056745,1.430006609360377,12.633333333333333,0.3,1.0,0.3,0.20508671085346372,0.654618989481819,421.3771052379027,0.13830178465325535,0.06809153149138449,0.9346850378251308,0.8812954444038508,1068.454458091378,"fall_before_apex:21, success:9"
282,-0.7916630879044533,1.3920269310474396,12.8,0.26666666666666666,0.9666666666666667,0.26666666666666666,0.24114375850579195,0.6499047787846423,402.2752741063601,0.13737700083542195,0.0679749488304094,0.9339619164567149,0.8637208621952852,1066.9640622940608,"fall_before_apex:22, success:8"
283,-2.301458970705668,1.222275831302007,10.633333333333333,0.16666666666666666,0.9,0.16666666666666666,0.31434567691121734,0.6118957085790568,394.25955055886914,0.1381700945378152,0.06618976890756306,0.9347362419665258,0.8144843933417695,1028.8231406344125,"fall_before_apex:25, success:5"
284,-1.1616502160827318,1.3573199967543284,11.366666666666667,0.2,0.9666666666666667,0.2,0.24280034818016355,0.670309837888917,424.6550021583018,0.13761323735288916,0.07065599142501237,0.9336118264864136,0.8797634111049478,1054.3300310068578,"fall_before_apex:24, success:6"
285,-3.05246279835701,1.264744821190834,12.533333333333333,0.3,0.8666666666666667,0.3,0.371320424867969,0.7415370027435126,432.738948798915,0.1377768755854283,0.07795487815217698,0.9301514995218203,0.8840103638620072,1062.619131495338,"fall_before_apex:21, success:9"
286,-0.9271201858917872,1.3716566642125447,12.166666666666666,0.43333333333333335,0.9666666666666667,0.4,0.21778711007670054,0.615077079956792,412.2447700451047,0.13722064935064943,0.06433864357864363,0.936310594861169,0.8463000697210867,1054.8867149103505,"fall_before_apex:17, success:13"
287,-0.844846794505914,1.307745643456777,10.466666666666667,0.16666666666666666,0.9333333333333333,0.16666666666666666,0.2425459032708541,0.5621649857723238,393.2328529022749,0.13566445767195778,0.05982052561960461,0.9377368785201579,0.7913198765161658,1033.3347971410456,"fall_before_apex:25, success:5"
288,-0.1968765719483296,1.4434918145338693,15.266666666666667,0.6,1.0,0.6,0.20284839923106776,0.7258032036844065,420.5010240851226,0.13961283926599724,0.0759469270349534,0.9309193469098687,0.9377799394070051,1083.3040394181603,"success:18, fall_before_apex:12"
289,-1.6847548946738242,1.4097957382599513,15.733333333333333,0.4666666666666667,0.9333333333333333,0.43333333333333335,0.3343436360983192,0.773988978393978,433.0648433360961,0.13871145317086891,0.08062143045422077,0.9285611697335482,0.9386613884664946,1090.1246457095,"fall_before_apex:16, success:14"
290,-1.1778180966774623,1.4349050958951315,14.4,0.4666666666666667,0.9666666666666667,0.4666666666666667,0.22523210819437142,0.7170534548887121,432.56309165674156,0.1392398566930147,0.07449406590972384,0.9318396073201693,0.9265994830972483,1087.8892189656567,"fall_before_apex:16, success:14"
291,-0.9586397846539815,1.3294750204930703,13.533333333333333,0.36666666666666664,0.9333333333333333,0.36666666666666664,0.288936204372639,0.7229515100053753,429.47061977045956,0.13924181840333164,0.07566639259132685,0.9307531599947649,0.8958538514723464,1063.7132872752807,"fall_before_apex:19, success:11"
292,-1.637213089565436,1.3861946016550064,12.4,0.36666666666666664,0.9666666666666667,0.36666666666666664,0.2362288389007789,0.635745396030466,410.07841165369257,0.13728240298916777,0.06660036277992164,0.9350132374247965,0.8652244442430274,1073.9102998736116,"fall_before_apex:19, success:11"
293,-2.4968275129795074,1.2348346300423145,13.066666666666666,0.3333333333333333,0.8666666666666667,0.3333333333333333,0.5307342036348672,0.7445983162061477,440.72553938895487,0.13669383986928113,0.07813166666666674,0.9293083404248041,0.8557703127830579,1076.9156553621203,"fall_before_apex:20, success:10"
294,-1.8380532369017601,1.2700382816294828,11.033333333333333,0.16666666666666666,0.9333333333333333,0.16666666666666666,0.3098044751649506,0.6282300933723959,412.1492757262142,0.13609031500605812,0.06646820425217488,0.9352310406551514,0.821733609517231,1041.3850647150473,"fall_before_apex:25, success:5"
295,-0.9494186912973722,1.4015686551729838,13.0,0.23333333333333334,1.0,0.23333333333333334,0.23283210473665142,0.6584928921041757,416.9878599925531,0.13789256024992103,0.06918939433488198,0.9340658963341398,0.8811584218372445,1069.4470277003202,"fall_before_apex:23, success:7"
296,-2.285660216708978,1.2680373512208463,12.133333333333333,0.36666666666666664,0.9333333333333333,0.36666666666666664,0.41788453348930854,0.7036104809793815,434.5203996898284,0.13708526871821,0.07288128980496632,0.9320416981277074,0.8567912441730922,1058.424036487838,"fall_before_apex:19, success:11"
297,-2.453588968515396,1.0891494177281857,8.933333333333334,0.06666666666666667,0.8333333333333334,0.06666666666666667,0.48636114520268,0.6139001447127804,393.805540730037,0.13707479365133785,0.06599095135528964,0.9342460587633118,0.7650542342233179,1024.5942561278227,"fall_before_apex:28, success:2"
298,-1.4522140607237817,1.2553681890169779,13.2,0.43333333333333335,0.9,0.43333333333333335,0.3999699268520382,0.73294834840484,417.80213595935385,0.13993041793990332,0.07764829973403507,0.9296685386450527,0.8765479880079478,1059.2508470368468,"fall_before_apex:17, success:13"
299,-3.2825465855499107,1.265221586326758,12.8,0.23333333333333334,0.8666666666666667,0.23333333333333334,0.3808982114640884,0.7164509340896749,406.84180337933475,0.13898600481490198,0.07565881419234365,0.9301568959737188,0.8736826100464996,1064.7564870055646,"fall_before_apex:23, success:7"
300,-2.4409411142269772,1.2654815713564556,13.4,0.3,0.8333333333333334,0.3,0.4398268971742682,0.7561967057829981,435.48037959739577,0.1388900699107395,0.08007710610639794,0.9289288604844766,0.8859787049382646,1074.1745420957225,"fall_before_apex:21, success:9"
301,-6.351607279976209,0.22845311450461547,10.566666666666666,0.06666666666666667,0.43333333333333335,0.06666666666666667,1.1570924653931194,1.10608789940364,495.0392630645466,0.14455578346490122,0.12024538480038487,0.9088606748105048,0.9052223170121582,1114.0361738440342,"no_apex_potential:28, success:2"
302,-9.808469190696876,-0.43638529628515244,7.433333333333334,0.03333333333333333,0.06666666666666667,0.0,2.6852551120872294,1.542148769358824,569.462951104777,0.1478875334850336,0.175312704887705,0.8811098326356086,0.7590787452340488,1071.020584792388,"no_apex_potential:27, fall_before_apex:2, success:1"
303,-9.397992604474227,-0.4591013491153717,6.333333333333333,0.0,0.03333333333333333,0.0,2.942513274957862,1.6281574025299066,584.6909262573247,0.14793634920634932,0.1844681084656086,0.8758289645008738,0.7625671922222014,1073.4727171181232,"no_apex_potential:29, fall_before_apex:1"
304,-10.794041771441698,-0.385009719679753,7.4,0.0,0.1,0.0,2.54653703191524,1.480214813017874,549.5134994988657,0.14557065212565226,0.16376992673992685,0.8841755948698139,0.788545271659724,1084.5704444632233,"no_apex_potential:27, fall_before_apex:3"
305,-10.354352717101573,-0.38907080541054406,7.166666666666667,0.0,0.06666666666666667,0.0,2.5064358624806,1.5506179389172692,568.806106688425,0.14982964507714516,0.17562195332445343,0.8803910953954427,0.8340600238223687,1085.630407700212,no_apex_potential:30
306,-8.429152255877852,-0.3151567732294401,6.7,0.03333333333333333,0.16666666666666666,0.03333333333333333,2.460775720038294,1.4828849744981278,571.5129207693498,0.14596453703703713,0.16483886243386256,0.8853286591371193,0.7899901585009451,1087.3718102363446,"no_apex_potential:28, success:1, fall_before_apex:1"
307,-9.069575248658657,-0.3620621137320995,7.366666666666666,0.03333333333333333,0.06666666666666667,0.03333333333333333,2.5466927720781523,1.6743869141941259,584.3302707701467,0.15096987012987026,0.1833503799903801,0.8759305046132517,0.8662811483512356,1081.9857446533906,"no_apex_potential:29, success:1"
308,-10.32224502240618,-0.42589851704736553,7.1,0.0,0.03333333333333333,0.0,2.8089343005040894,1.6517075667357977,583.5778592448817,0.14672640515802293,0.18349256500580047,0.8775084950760456,0.7938895744388716,1071.1821344846,"no_apex_potential:29, fall_before_apex:1"
309,-8.446657764678822,-0.3088364079594612,6.266666666666667,0.0,0.13333333333333333,0.0,2.5281715359543733,1.4964805826233938,572.7783644030155,0.14690645743145753,0.16880037878787887,0.8835318490752607,0.7983340625555557,1083.3639172958547,"no_apex_potential:29, fall_before_apex:1"
310,-9.178280865028501,-0.43767770926157634,6.766666666666667,0.03333333333333333,0.1,0.03333333333333333,2.7609248672796025,1.6425233516067543,564.3957943400939,0.1484581746031747,0.17919338263588278,0.8758336285375498,0.7811537103557898,1086.6231036341871,"no_apex_potential:28, fall_before_apex:1, success:1"
311,-11.323706948757172,-0.3348027875026067,7.833333333333333,0.0,0.06666666666666667,0.0,2.29023461834222,1.5593042431399884,573.1621978853834,0.1483557495379865,0.17200359495280554,0.8834563251854836,0.8683952422470667,1085.440249949659,no_apex_potential:30
312,-11.10789170973003,-0.2950736025969187,7.866666666666666,0.0,0.1,0.0,2.3175435147998127,1.5406575641702303,571.5201876461655,0.1497669023569025,0.17149521043771052,0.8820337976675063,0.8733468533996509,1085.4318841279508,"no_apex_potential:29, fall_before_apex:1"
313,-9.343325875078639,-0.21816811362902325,6.566666666666666,0.0,0.2,0.0,2.465149857395946,1.470542856606347,567.3687841226498,0.14490704517704528,0.16311593711843722,0.886321132361336,0.7656916403443922,1092.3526506801302,no_apex_potential:30
314,-9.462394240498543,-0.4882355938355128,6.266666666666667,0.0,0.03333333333333333,0.0,2.857712587420652,1.665545369918489,584.8095668605996,0.15071136271136282,0.18864819634069646,0.8742348014782617,0.7858769928237218,1069.4484285088627,"no_apex_potential:29, fall_before_apex:1"
315,-10.16286547196408,-0.45316409816344577,6.9,0.0,0.1,0.0,2.6122502859377454,1.5104548445821393,570.8952529597267,0.1452011960456698,0.1696309844054582,0.8839892164694442,0.7706689957967152,1077.7969932413346,"no_apex_potential:28, fall_before_apex:2"
316,-8.402940817705046,-0.3489356259504954,5.566666666666666,0.0,0.13333333333333333,0.0,2.7657568461722906,1.5378771969606222,587.3569257064131,0.14985851791726806,0.1768392093554595,0.8797100053521442,0.7311844889153687,1073.1331423624888,"no_apex_potential:29, fall_before_apex:1"
317,-8.907511078380049,-0.4105484773715337,6.333333333333333,0.0,0.1,0.0,2.6646054496516074,1.6055216941849686,557.688385986056,0.15107470899470912,0.1775662830687832,0.8766646412653037,0.8102948298093823,1082.3109701964122,no_apex_potential:30
318,-9.936369185398023,-0.40276057285567124,7.9,0.03333333333333333,0.16666666666666666,0.03333333333333333,2.226070569359218,1.5291523812504826,581.650721138017,0.1476611817757407,0.1674500237670827,0.8843357697795656,0.8884895704022407,1090.9100229559883,"no_apex_potential:27, fall_before_apex:2, success:1"
319,-9.530408543969195,-0.2568021866182486,7.8,0.0,0.16666666666666666,0.0,2.027604939024224,1.4776520208823876,576.7613222615778,0.14942415499533154,0.16530274940745535,0.8878381302146633,0.8899743190260477,1087.1571687332946,no_apex_potential:30
320,-10.230957027353968,-0.38621886471907296,6.866666666666666,0.0,0.16666666666666666,0.0,2.4240700770539028,1.4199123135611982,561.5642284062363,0.14289952787952798,0.16045595645095653,0.888943422314282,0.7843006924484386,1076.2504288422188,"no_apex_potential:27, fall_before_apex:3"
321,-9.716737470651667,-0.48269423345724743,6.4,0.0,0.1,0.0,2.6970434642836905,1.5413970068888256,567.5436223781464,0.14879108419358428,0.17462911653161667,0.8801228301251866,0.7744654328382733,1074.8480190955447,"no_apex_potential:29, fall_before_apex:1"
322,-10.064484384780128,-0.2737194408973058,7.333333333333333,0.0,0.13333333333333333,0.0,2.4810648223964815,1.5148555066532858,544.935742302622,0.14577394586894596,0.16482163003663017,0.8834638848820465,0.8015372329801422,1090.0355125073545,"no_apex_potential:29, fall_before_apex:1"
323,-10.142223622401556,-0.2602698670079311,8.1,0.0,0.13333333333333333,0.0,2.282923879159321,1.4528182677130523,558.3843331142082,0.14447859118006184,0.16010469397160584,0.8882381517093166,0.8331633064933969,1093.933876773921,"no_apex_potential:29, fall_before_apex:1"
324,-9.830979705850284,-0.45869274040063224,7.1,0.0,0.13333333333333333,0.0,2.4679975974891817,1.474733229102394,572.5649683102722,0.14442162596662605,0.16370102258852268,0.886374493477961,0.7803138852429775,1086.5887680215021,"no_apex_potential:29, fall_before_apex:1"
325,-11.653502131501833,-0.4823787530263265,7.533333333333333,0.0,0.03333333333333333,0.0,2.704442679580365,1.6024172819356168,577.1064658968367,0.14796800417175426,0.1796759984922486,0.8790785044398178,0.7955627534663373,1071.5699401680497,"no_apex_potential:27, fall_before_apex:3"
326,-10.764022310008295,-0.2715938354531924,7.1,0.0,0.13333333333333333,0.0,2.3251760178792327,1.4722776016759138,573.5965577742458,0.14783645575557353,0.1645969839419841,0.8858004127302784,0.8181492605214623,1088.8746478617545,no_apex_potential:30
327,-10.744460734228293,-0.3758713334798813,6.8,0.0,0.1,0.0,2.7622662323542686,1.5341025254699756,559.1594870948867,0.14579768518518527,0.16902025132275147,0.8804838752533007,0.7511101691931402,1089.4915185473546,no_apex_potential:30
328,-10.57700178436935,-0.25732626965424665,7.7,0.0,0.13333333333333333,0.0,2.063905056552592,1.5083098205889258,571.5669669381598,0.150426334915085,0.16601707736707752,0.8852258407372599,0.8824352394900914,1094.4797704163254,no_apex_potential:30
329,-11.357056790590287,-0.2531606063324337,8.2,0.0,0.1,0.0,2.342547227626014,1.4881797112304438,565.1843515111408,0.14639259531590423,0.16426471398155235,0.8857351222061242,0.8426020913425366,1088.293828393134,"no_apex_potential:28, fall_before_apex:2"
330,-9.419199506565928,-0.34470088755091033,6.766666666666667,0.0,0.1,0.0,2.620750384147553,1.5092394531913682,571.741981891502,0.1477425568004981,0.17246205259881744,0.8824370546100508,0.7686598679360835,1080.7483125244398,no_apex_potential:30
331,-10.591566966970761,-0.32590672268221776,7.4,0.0,0.1,0.0,2.4282028152805495,1.5422968089908966,572.8908696583572,0.1490751473417651,0.1706847188622925,0.8817340200755884,0.8423032864353284,1084.9389958097795,"no_apex_potential:29, fall_before_apex:1"
332,-9.099273670464754,-0.4064905529220899,6.533333333333333,0.0,0.1,0.0,2.5226908698233097,1.5106782814065758,576.7605748795335,0.1446607227032228,0.1672842580567582,0.8851339137213257,0.7880234507926657,1077.2694585944605,"no_apex_potential:28, fall_before_apex:2"
333,-10.014369100828965,-0.4407057337462902,7.366666666666666,0.0,0.06666666666666667,0.0,2.4465292535238685,1.5651343204348191,575.1424254978278,0.15127368026309218,0.17695968307291848,0.8804430985788173,0.8431336672849067,1080.5015929961526,"no_apex_potential:29, fall_before_apex:1"
334,-8.867107492436965,-0.243742698431015,6.4,0.0,0.2,0.0,2.330868089289488,1.3868113489717857,567.7282886621998,0.14719380878380886,0.1601923027898029,0.8894200266614652,0.7903152524366245,1086.1983621444385,no_apex_potential:30
335,-10.910587167739868,-0.341290133446455,8.6,0.06666666666666667,0.06666666666666667,0.0,2.3553719252949326,1.533635059163059,567.4909572098246,0.14816255762755773,0.17003430125430138,0.8832397271663385,0.8576169873664804,1090.9939187726968,"no_apex_potential:28, success:2"
336,-11.092075135248402,-0.22251865391929945,7.9,0.0,0.16666666666666666,0.0,2.0447159298322597,1.4507349646022927,569.5574293994525,0.14561352467793653,0.15738572207204574,0.8902455165226079,0.87496478981384,1090.4384343108488,"no_apex_potential:29, fall_before_apex:1"
337,-11.109517905364434,-0.43313035474469264,7.666666666666667,0.0,0.03333333333333333,0.0,2.6459041068020204,1.633708872846461,576.130288290142,0.15099085978835985,0.183982724867725,0.8768888630960069,0.8309006569815913,1075.6094452083694,no_apex_potential:30
338,-9.456098886827627,-0.25695410271485647,7.566666666666666,0.06666666666666667,0.1,0.03333333333333333,2.6275420043300652,1.523441124890382,556.3137997087821,0.14791421652421663,0.17052539275539288,0.8809962245088047,0.803681260019076,1089.670707244364,"no_apex_potential:28, success:2"
339,-11.033649810155232,-0.4358084057768186,7.733333333333333,0.0,0.0,0.0,2.574423719670685,1.5756196190991951,585.2832390717716,0.14969619325119338,0.18201206469456482,0.8795415216574779,0.8614307999132825,1076.5087705555268,no_apex_potential:30
340,-9.684067400048177,-0.3130366494258245,6.466666666666667,0.0,0.13333333333333333,0.0,2.3637738794158194,1.4981693740716573,579.0045146271351,0.15058111185111195,0.16713427526177538,0.8835558032757855,0.8222074558620078,1090.5687499764256,no_apex_potential:30
341,-8.977439289136479,-0.30172019948561984,6.466666666666667,0.0,0.13333333333333333,0.0,2.555471364638826,1.4858175700288605,566.7561852572458,0.14797536426536437,0.16888647842897858,0.8834705884681139,0.7756080464570659,1083.9435985426665,no_apex_potential:30
342,-11.20852549361686,-0.3590218851963679,7.366666666666666,0.0,0.06666666666666667,0.0,2.408702555070854,1.5518127425194568,573.9577100027103,0.1511396123321124,0.17581310744810755,0.8806383035732924,0.8579237125579067,1084.372345013836,no_apex_potential:30
343,-9.478397351503371,-0.31039402112364767,7.2,0.0,0.16666666666666666,0.0,2.4243020807329025,1.4831278617006272,544.5023906205193,0.1472681735856737,0.1637317846967848,0.8846980202290095,0.7856736505903715,1092.3423408918263,no_apex_potential:30
344,-10.999781784415244,-0.31643221514920394,8.166666666666666,0.0,0.06666666666666667,0.0,2.3576018261931866,1.5437676346219285,565.5263440243505,0.1472130160915224,0.17072126217579017,0.8831030134333285,0.8758497802779346,1084.7835989852185,"no_apex_potential:29, fall_before_apex:1"
345,-10.227298524479071,-0.32101046840349834,7.3,0.0,0.13333333333333333,0.0,2.2853098594378722,1.504750561302274,569.3316423003049,0.14491977513227522,0.16296971139971153,0.8859998727884698,0.8457142384851194,1091.7576025430599,"no_apex_potential:29, fall_before_apex:1"
346,-10.446670496960481,-0.46520200272401174,6.366666666666666,0.0,0.06666666666666667,0.0,2.7354687965140148,1.6086814220858665,582.125210518696,0.1496440175565177,0.1836527861952863,0.8777734951122478,0.7873389339588226,1066.1123591479186,"no_apex_potential:27, fall_before_apex:3"
347,-10.16838719837057,-0.3747369021177292,6.566666666666666,0.0,0.1,0.0,2.7246254423082354,1.562920183643931,544.4774942109044,0.14733102693602704,0.170421780904281,0.8788904624148325,0.786672080276821,1086.2692549881967,"no_apex_potential:29, fall_before_apex:1"
348,-10.67899741133054,-0.44460126062234245,6.5,0.0,0.03333333333333333,0.0,2.729084998629456,1.6327453086556354,586.2025897473376,0.14967006132756142,0.18348127344877352,0.8769627885812584,0.8146920991483207,1072.1473934049627,"no_apex_potential:28, fall_before_apex:2"
349,-11.328314319252968,-0.40737531802927457,7.333333333333333,0.0,0.06666666666666667,0.0,2.5682555629053505,1.5944053356578993,583.8946394720791,0.15080501910370345,0.17978530619964844,0.878357747669863,0.8405559473218427,1075.1455341293556,"no_apex_potential:29, fall_before_apex:1"
350,-11.435441829760869,-0.42334835628668466,7.2,0.0,0.06666666666666667,0.0,2.652323416970049,1.6035731652977565,573.9226436919613,0.14870772079772093,0.17876452584452596,0.8784967302240086,0.7999364861766,1079.0230726799543,"no_apex_potential:29, fall_before_apex:1"
351,-11.31928783506155,-0.28620979450643064,8.7,0.03333333333333333,0.13333333333333333,0.03333333333333333,2.2337725380142524,1.5194162135845046,561.3828259857706,0.14780251407461942,0.16765714545201402,0.885563086543756,0.8672566796611141,1080.2340397082942,"no_apex_potential:27, fall_before_apex:2, success:1"
352,-10.377029725909233,-0.36978948130272327,7.2,0.0,0.1,0.0,2.4393110249551713,1.5449918283350188,587.4330998713301,0.14883705717284673,0.17535028559646995,0.882990977432323,0.8221252408544587,1074.7231471723926,"no_apex_potential:29, fall_before_apex:1"
353,-9.089367103328307,-0.24597812170783678,6.6,0.0,0.2,0.0,2.1168485129434247,1.4148999458197848,579.1902630818878,0.14840270299145306,0.15898403591778595,0.8895205044940961,0.8219704750756963,1090.727073320504,no_apex_potential:30
354,-9.728748154143492,-0.4391858637332916,6.766666666666667,0.0,0.06666666666666667,0.0,2.5125340103088947,1.669362582786261,585.0543069852566,0.15293960317460326,0.18439044973544985,0.875627605554288,0.8741072431553084,1075.6989851322712,"no_apex_potential:29, fall_before_apex:1"
355,-11.100597309569517,-0.4200890213251114,7.733333333333333,0.03333333333333333,0.03333333333333333,0.0,2.4442665914374717,1.6455198427688822,585.8696335776369,0.15355877594627604,0.18442456654456668,0.8761865785319688,0.8963223586914301,1076.6796025068825,"no_apex_potential:28, fall_before_apex:1, success:1"
356,-9.80485889048626,-0.20751410238444806,7.866666666666666,0.0,0.16666666666666666,0.0,2.237916496169534,1.4289789010051188,554.2326307585132,0.1490399634896695,0.16291609043189934,0.8876646394257488,0.8412354021801286,1084.478030412681,"no_apex_potential:29, fall_before_apex:1"
357,-8.2917486384511,-0.2697712438801924,6.5,0.0,0.23333333333333334,0.0,2.413994356664037,1.4300063877483409,560.3896859742465,0.1453050000000001,0.15675361111111122,0.8878944175132535,0.760642613576991,1091.3658900706075,no_apex_potential:30
358,-9.251442266007265,-0.0032534509897232055,10.033333333333333,0.06666666666666667,0.26666666666666666,0.06666666666666667,1.7230832312337203,1.4726094525245033,552.9155867395715,0.14930547558922566,0.1565639063251564,0.8894598030267161,0.9535970017195606,1103.0216595312945,"no_apex_potential:28, success:2"
359,-13.03417641321818,-0.3935122089460492,9.033333333333333,0.0,0.0,0.0,2.398055692422823,1.6234330088837394,574.7874224146664,0.15105326798473867,0.1818236103765517,0.8781327161150786,0.9070062672576632,1082.732324509438,no_apex_potential:30
360,-11.368676223730047,-0.4474249723056952,7.3,0.0,0.03333333333333333,0.0,3.0289994735964996,1.6530312665709654,577.0805286982383,0.1433789177976021,0.17947910028081096,0.8770262490519563,0.7473220643150147,1074.7492433155928,"no_apex_potential:28, fall_before_apex:2"
361,-9.507807058344286,-0.30947988436867796,7.3,0.03333333333333333,0.13333333333333333,0.03333333333333333,2.422248830540702,1.58050711255686,582.9321193354798,0.15015090728715738,0.17503449855699868,0.8810788701320525,0.8289276018614419,1078.1563145016796,"no_apex_potential:27, fall_before_apex:2, success:1"
362,-11.48224236468474,-0.25403938616315525,8.366666666666667,0.0,0.13333333333333333,0.0,1.9778203826899199,1.461074856004933,576.4240686001859,0.14779551599959503,0.161223259854181,0.8897697063465562,0.879149026580086,1087.4729920614584,"no_apex_potential:28, fall_before_apex:2"
363,-9.160015645933647,-0.3978386916220188,6.333333333333333,0.0,0.13333333333333333,0.0,2.4382471612180914,1.5188112905546294,579.7282182288556,0.14881118640618649,0.17065543956043966,0.8835563977577527,0.8084373756122475,1076.6358559773448,"no_apex_potential:28, fall_before_apex:2"
364,-11.005397462348144,-0.33823234451313816,7.166666666666667,0.0,0.1,0.0,2.5508285002670816,1.5369535673131263,573.2170861000592,0.14659264699897062,0.17104267111973007,0.8824345582085497,0.8019742361683756,1084.0691358642903,"no_apex_potential:29, fall_before_apex:1"
365,-11.346914098163445,-0.2938727103173733,7.833333333333333,0.0,0.1,0.0,2.2563792834197893,1.5794220799348497,574.1329312254443,0.15126667775579547,0.17471933848286803,0.880984554561865,0.9041894553417388,1087.0476672991122,no_apex_potential:30
366,-11.753648790717126,-0.4159042251606782,8.3,0.0,0.03333333333333333,0.0,2.4132541343579588,1.563879473090988,575.6665893426925,0.14906537169945072,0.1761781427685376,0.8815145385235355,0.8772264455574439,1079.700627178651,"no_apex_potential:29, fall_before_apex:1"
367,-11.887259934097528,-0.4324401172498862,7.433333333333334,0.0,0.03333333333333333,0.0,2.6463720528841477,1.5712402882366985,566.6177554126145,0.14797243506493515,0.17727347643097655,0.880218967181663,0.8036092036818876,1077.6334354012372,no_apex_potential:30
368,-11.070101110140483,-0.47682941804329554,6.966666666666667,0.0,0.0,0.0,2.707914628444509,1.7100095974244982,583.409366928771,0.15219800865800878,0.18962655002405013,0.8724604723442133,0.8629891384832582,1075.2144747963878,"no_apex_potential:29, fall_before_apex:1"
369,-10.9886232132713,-0.26420224234461787,7.533333333333333,0.0,0.1,0.0,2.482143543391567,1.5363349734186589,573.6100620811378,0.1482463889813891,0.17341008602508615,0.8822366509552549,0.8354831816701876,1076.3601494511004,"no_apex_potential:28, fall_before_apex:2"
370,-10.026035822431247,-0.28353495597839357,7.033333333333333,0.0,0.1,0.0,2.48687197124485,1.582390785369903,572.1805414728507,0.14868739778739792,0.1756733549783551,0.8800953426788517,0.8439624819205177,1085.0420488237205,"no_apex_potential:29, fall_before_apex:1"
371,-11.648546698565285,-0.2785863772034645,7.866666666666666,0.0,0.1,0.0,2.270568410300298,1.5227306236999851,580.0243247995428,0.14844667628667638,0.17073385762385776,0.8846674071711479,0.8698847840165091,1082.9806300187163,"no_apex_potential:29, fall_before_apex:1"
372,-10.028664660081267,-0.3759055010974407,7.166666666666667,0.0,0.13333333333333333,0.0,2.4778494145053487,1.5362667120993558,558.2521222179729,0.14774094063344073,0.17068083388833397,0.8824868837613238,0.8132785189566987,1085.029113030719,no_apex_potential:30
373,-10.241698975612719,-0.13071333294113477,8.133333333333333,0.03333333333333333,0.2,0.03333333333333333,2.1811293070705733,1.5328730351581112,570.0855315293553,0.1505524381174382,0.16837912559662574,0.8830543750306056,0.8946522334520003,1089.3112928271228,"no_apex_potential:28, success:1, fall_before_apex:1"
374,-10.541312750677267,-0.39125052765011786,6.866666666666666,0.0,0.06666666666666667,0.0,2.661847945911932,1.6007013466621989,582.7696032942252,0.1487648281130635,0.18013461293608363,0.8786783249900041,0.8142114827374213,1078.6084784596212,no_apex_potential:30
375,-10.892216437061627,-0.21891329710682234,8.2,0.03333333333333333,0.2,0.03333333333333333,2.1028935270837894,1.3514276011078157,514.1761577486989,0.14629026667776676,0.14855762635512643,0.8916477741101418,0.8290871114466287,1099.148425152925,"no_apex_potential:29, success:1"
376,-12.512006775538127,-0.45869254184265934,7.8,0.0,0.0,0.0,2.7417416556102054,1.6147795944075842,562.2745116478644,0.14779559727309738,0.17679881276131287,0.8770789312280783,0.8259504099235477,1085.828862989358,"no_apex_potential:29, fall_before_apex:1"
377,-9.768957985689243,-0.4211219251155853,6.166666666666667,0.0,0.06666666666666667,0.0,2.811397494283379,1.6267680102462885,565.0322141194927,0.1493179184704186,0.18210500000000013,0.8757649090233508,0.7775628609573914,1078.560512233038,no_apex_potential:30
378,-10.592874829346934,-0.33631514410177865,7.066666666666666,0.0,0.13333333333333333,0.0,2.3491928071762347,1.4658189638755525,575.060694724257,0.14529285594035604,0.16494666185666196,0.887335564562938,0.8259020882856128,1079.2565169903562,"no_apex_potential:27, fall_before_apex:3"
379,-10.575310055414835,-0.4978817736109098,6.7,0.0,0.0,0.0,2.942676450783152,1.630939730901475,583.442755531912,0.14939460363710372,0.1860437866762868,0.8755391117080376,0.7788888836723513,1070.8314432323502,no_apex_potential:30
380,-9.681729469945033,-0.46318041905760765,5.966666666666667,0.0,0.06666666666666667,0.0,2.82970603336419,1.692746291791397,583.9479616590789,0.15380222703222718,0.18647244348244357,0.8719660665702311,0.7962883667523882,1077.018591652988,no_apex_potential:30
381,-11.017944768940408,-0.3812003304560979,6.6,0.0,0.06666666666666667,0.0,2.6586374342952714,1.5677413017286495,577.7777913876689,0.1475609004884006,0.17505274013024022,0.8796090612307973,0.8160342531185767,1085.3734936582416,no_apex_potential:30
382,-10.92663610658298,-0.47666706293821337,6.833333333333333,0.0,0.1,0.0,2.9024582585369085,1.5497030165691148,571.9293073323958,0.14496782606024877,0.17214207262437153,0.8800227203286054,0.7246611735821393,1084.3805153599928,no_apex_potential:30
383,-10.14354158937931,-0.5507016032934189,6.666666666666667,0.0,0.03333333333333333,0.0,2.9005829085805326,1.6601752723957506,573.30041687879,0.1504474783549785,0.18751073593073606,0.8742639275672293,0.7906834380748173,1069.2145128663228,no_apex_potential:30
384,-10.906256200621526,-0.39691587242608267,7.7,0.0,0.1,0.0,2.2971062085629166,1.538024173072501,573.2094623508691,0.14876518999519012,0.17059876142376154,0.884410371630814,0.8443638808382022,1084.991543770927,no_apex_potential:30
385,-10.69398998512576,-0.3396637659519911,6.766666666666667,0.0,0.1,0.0,2.6170672672565307,1.6179416869734278,574.0988821272763,0.1487446327419858,0.18076293028322452,0.8784874531245701,0.8209003953068714,1068.7688691555538,"no_apex_potential:28, fall_before_apex:2"
386,-10.440580788254739,-0.49656188289324443,6.266666666666667,0.0,0.03333333333333333,0.0,3.0194069607961427,1.6596111007342471,568.784426024112,0.14883504569504577,0.18460496873496887,0.873022118148202,0.7586281701056452,1076.1785033543351,no_apex_potential:30
387,-9.6857497955362,-0.3768939892450968,6.433333333333334,0.0,0.1,0.0,2.760126290133296,1.5569926537991412,577.6993734324429,0.14844425925925936,0.17581310846560858,0.8793755165400226,0.7769993755372785,1080.656299480216,no_apex_potential:30
388,-9.930358019843698,-0.39029725193977355,7.1,0.0,0.1,0.0,2.6090279998356465,1.5893399035994915,571.2177795442301,0.14912892551892565,0.17576806850556864,0.8789547797052141,0.8174877623528122,1084.0919360624823,no_apex_potential:30
389,-9.607893207172554,-0.3209133187929789,6.533333333333333,0.0,0.13333333333333333,0.0,2.4696504046776644,1.5629309124466544,581.7422168617167,0.14948796536796546,0.17457055315055328,0.8815664081864518,0.8163397731466602,1083.4523536398788,no_apex_potential:30
390,-11.211854520315926,-0.34443768908580147,7.1,0.0,0.1,0.0,2.420899859335423,1.5779460603885818,581.6133738002641,0.14730944610944618,0.17258625504125516,0.8816830612629776,0.8437708806793526,1077.4855832772582,"no_apex_potential:27, fall_before_apex:3"
391,-11.467370441742242,-0.41307975475986797,7.233333333333333,0.03333333333333333,0.06666666666666667,0.03333333333333333,2.7790193886247265,1.554097797275578,573.9704976296579,0.15033065506116988,0.17956056175034132,0.8787047341223082,0.7746006987580406,1075.8232268792976,"no_apex_potential:29, success:1"
392,-11.110331056142847,-0.45884329030911125,6.4,0.0,0.03333333333333333,0.0,2.7445724870832575,1.7233539634142192,588.1056514921293,0.15123265012765022,0.1882700202575204,0.8725549295756355,0.8455975643866035,1069.8200586738253,"no_apex_potential:28, fall_before_apex:2"
393,-11.58787414195637,-0.358461731672287,7.6,0.0,0.06666666666666667,0.0,2.323998530560667,1.6237469804382103,583.5121607037274,0.15120620370370383,0.17982779100529114,0.8789732017403403,0.9144437084833119,1076.2759187828278,"no_apex_potential:27, fall_before_apex:3"
394,-9.143616066562632,-0.4491220717628797,6.7,0.0,0.06666666666666667,0.0,2.7448628814106653,1.6196842675691088,568.7631002754428,0.1509126190476192,0.18098009259259276,0.8757452121552821,0.8161432726374344,1075.233197669852,"no_apex_potential:29, fall_before_apex:1"
395,-9.900797370821238,-0.35145301719506583,6.833333333333333,0.03333333333333333,0.13333333333333333,0.03333333333333333,2.556898586982621,1.5570196973692338,570.1124759081299,0.14654597261126684,0.17097649626517283,0.8818371604319304,0.8080074760230515,1077.9058247065732,"no_apex_potential:27, fall_before_apex:2, success:1"
396,-10.61561447493732,-0.31316212862730025,6.966666666666667,0.0,0.1,0.0,2.428763745667846,1.6035847715313705,589.4963494303885,0.14832504578754588,0.1781835959410961,0.8811023112250385,0.8496805551914217,1071.50405871054,"no_apex_potential:28, fall_before_apex:2"
397,-11.355798308054606,-0.4670414889852206,7.133333333333334,0.0,0.0,0.0,2.7310847764741335,1.6487793744533275,592.9095356924797,0.14830089947089956,0.186263187830688,0.8768472350512941,0.8357470474019983,1069.8187869587177,"no_apex_potential:28, fall_before_apex:2"
398,-10.760870586832365,-0.3736582327013214,7.0,0.0,0.06666666666666667,0.0,2.555959686106951,1.6549236287252707,586.7809396962999,0.15186412698412707,0.18590016594516612,0.8764249904808732,0.8556517872180599,1074.9335630701382,no_apex_potential:30
399,-8.48489592820406,-0.24359263330698014,6.533333333333333,0.0,0.23333333333333334,0.0,2.2114540407140226,1.4648985452124512,558.8155727465667,0.1496638176638178,0.1604176780626782,0.8863866334883874,0.831615056692285,1090.3578981470969,"no_apex_potential:29, fall_before_apex:1"
400,-9.977814408143361,-0.21486588070789972,8.466666666666667,0.03333333333333333,0.16666666666666666,0.03333333333333333,2.1711415168746027,1.484951104028724,559.3277992748267,0.1480266063103564,0.16728651459651472,0.8869553275240253,0.8684899809137635,1079.8553931358097,"no_apex_potential:27, fall_before_apex:2, success:1"
401,-13.258992930750052,-0.2772961364438136,8.9,0.0,0.06666666666666667,0.0,2.0682548884549092,1.5695712807011462,572.401382641124,0.1492909241956302,0.1698713775004953,0.8842327111910463,0.9279579198194485,1091.165361859614,no_apex_potential:30
402,-10.63445381547014,-0.3987472876906395,6.533333333333333,0.0,0.06666666666666667,0.0,2.550365627591619,1.5941450661891614,584.1058907105961,0.15096256105006117,0.17892887260887272,0.8785086578190603,0.8362773525880115,1079.9792549546212,no_apex_potential:30
403,-9.125494299829006,-0.27855991361041865,6.666666666666667,0.03333333333333333,0.13333333333333333,0.0,2.568797554089685,1.5676481390260786,577.7035315671026,0.1476268783068784,0.1726595965608467,0.8806488004900316,0.8107174992130037,1082.3828247348615,"no_apex_potential:28, success:1, fall_before_apex:1"
404,-11.152398900687695,-0.3219698155919711,6.866666666666666,0.0,0.1,0.0,2.4227532244284458,1.5138463473173125,573.7507563985221,0.14926788868538882,0.16957316951566964,0.8833142847405888,0.8196526289897063,1084.9365259375684,no_apex_potential:30
405,-10.249575690180063,-0.29582280324151117,7.2,0.03333333333333333,0.1,0.0,2.3822110459026,1.5333388540520592,576.8696603471448,0.1500852342755285,0.16967899223325703,0.8821024171824136,0.8456282675554445,1089.0002683337873,"no_apex_potential:29, success:1"
406,-8.768707183003425,-0.23599873731533685,6.533333333333333,0.0,0.23333333333333334,0.0,2.1175939541853017,1.4726296960828036,571.595584497796,0.1470955565730567,0.15904565221815234,0.8879571696439226,0.8514055544103092,1091.8650666936016,"no_apex_potential:29, fall_before_apex:1"
407,-9.41138365243872,-0.4631869852542877,6.733333333333333,0.03333333333333333,0.16666666666666666,0.03333333333333333,2.503169445113259,1.5278119663741607,577.3132830763718,0.14574581289081298,0.1684450120250122,0.884062475165432,0.7821680304743774,1078.0437677522323,"no_apex_potential:26, fall_before_apex:3, success:1"
408,-9.316838302587469,-0.38395661264657976,6.733333333333333,0.0,0.1,0.0,2.6403075063476096,1.5395779181204403,581.529353238205,0.14705277360066843,0.17316472652591083,0.8816139518379777,0.7998513884486315,1074.184092798833,"no_apex_potential:28, fall_before_apex:2"
409,-11.188212557385365,-0.21108792598048845,7.466666666666667,0.0,0.13333333333333333,0.0,2.165341721199837,1.467507489607157,574.2914367827226,0.1476162295574797,0.1632991269841271,0.8869288110121081,0.879727706220036,1094.2616005301993,no_apex_potential:30
410,-10.763492656995853,-0.2430603971083959,7.0,0.0,0.16666666666666666,0.0,2.3377313358845333,1.4766809314932696,567.6448168845176,0.14712529822029832,0.16364857984607997,0.8855999784130725,0.8260717936442518,1091.3375194064713,no_apex_potential:30
411,-10.562330619618297,-0.3737319072087606,7.433333333333334,0.0,0.13333333333333333,0.0,2.341257109543257,1.4869386611235342,574.5131187799437,0.15090947991823003,0.17174025793650807,0.8845735743197832,0.8287288881785771,1079.5926733402475,"no_apex_potential:29, fall_before_apex:1"
412,-8.897758955756823,-0.3345837543408076,6.266666666666667,0.0,0.13333333333333333,0.0,2.5843554148676455,1.5665352368219072,582.8639599351026,0.1493319841269842,0.17574506613756624,0.8798662015651714,0.8259759570074751,1081.065212320433,no_apex_potential:30
413,-9.340699663509925,-0.3176083246866862,6.2,0.0,0.16666666666666666,0.0,2.389358407751968,1.5692693604640506,583.771849827636,0.1495907010582012,0.1726003174603176,0.8818932817121335,0.843216859134786,1080.0563522520295,"no_apex_potential:29, fall_before_apex:1"
414,-10.314311110476654,-0.41770631074905396,6.666666666666667,0.0,0.16666666666666666,0.0,2.3071166265421206,1.513354978755627,554.2387381364475,0.1485972603322604,0.16574100621600635,0.8840031525839368,0.830574253478714,1085.8541671027995,"no_apex_potential:29, fall_before_apex:1"
415,-9.38233749444286,-0.29434975832700727,6.433333333333334,0.0,0.16666666666666666,0.0,2.326457857784745,1.5387824007959916,553.814300448881,0.15078392246642255,0.1691218233618235,0.882064133084541,0.8443688115639925,1084.2558362071795,no_apex_potential:30
416,-11.17902685975035,-0.3688011020421982,7.166666666666667,0.0,0.13333333333333333,0.0,2.425374579183729,1.4311788408561221,531.7371696161952,0.1461814282939284,0.15833571715321726,0.8861345872558001,0.8080327912755411,1092.4710610093316,no_apex_potential:30
417,-10.003444807355603,-0.30834371596574783,7.2,0.0,0.2,0.0,2.0686290745121387,1.4715682677645814,561.7810500672131,0.14968372053872064,0.16328153402153414,0.8871270034646078,0.880792965326385,1089.7188151492305,no_apex_potential:30
418,-9.207133616010347,-0.2524612093965212,6.5,0.0,0.3,0.0,2.062646832772087,1.2738503129038732,559.2741560828955,0.14053732933732943,0.13922867493617505,0.8978469637848555,0.7876763086930294,1097.0125176355484,"no_apex_potential:27, fall_before_apex:3"
419,-10.660298131157955,-0.05884132236242294,7.533333333333333,0.0,0.23333333333333334,0.0,2.02818325206218,1.3875005965514189,544.8141112338349,0.14660882090132102,0.15102041361416374,0.8910454276503883,0.8551788125459601,1096.8882730284759,"no_apex_potential:29, fall_before_apex:1"
420,-12.857543349266052,-0.4439732131858667,7.733333333333333,0.0,0.0,0.0,2.568479757823619,1.6373386837481338,575.7761792970955,0.15012513243335623,0.18229683023847507,0.8779557848353001,0.8520241791699091,1079.3297652336862,no_apex_potential:30
421,-11.436560565357407,-0.4141236220796903,7.366666666666666,0.0,0.06666666666666667,0.0,2.5417430769848584,1.6036336858354006,572.6899293749266,0.14704287333037344,0.17501519489769501,0.8803786586888344,0.8416116925918377,1086.0221006746801,no_apex_potential:30
422,-12.02023278872172,-0.4872140889366468,6.833333333333333,0.0,0.0,0.0,2.8754545057797243,1.6516773115568362,580.8625821764065,0.14719579930418175,0.1816170514942575,0.8757944372388913,0.7993346372201362,1079.459760820256,"no_apex_potential:29, fall_before_apex:1"
423,-11.260240515073141,-0.48998025953769686,7.2,0.0,0.0,0.0,2.788760451060694,1.6465301857612795,578.239502993664,0.15117750481000494,0.18907158970658988,0.8750677666305082,0.8083144404850208,1071.9597089671663,no_apex_potential:30
424,-11.90173184076945,-0.47895712554454806,7.133333333333334,0.0,0.0,0.0,2.817223054880044,1.619354800533491,582.7161522003712,0.1484100824175825,0.18373473359973372,0.8771493845874655,0.8064868012370828,1075.476721624692,no_apex_potential:30
425,-10.338865955173969,-0.4534312794605891,6.633333333333334,0.0,0.03333333333333333,0.0,2.6679260442434836,1.6667010164398106,587.1361083713596,0.14983363516113526,0.18764813612313622,0.8759569576580802,0.8409852022338128,1071.6818521275893,"no_apex_potential:29, fall_before_apex:1"
426,-10.668483315159877,-0.34924790809551876,6.5,0.0,0.1,0.0,2.495528293077337,1.6088666205031261,587.5308439358764,0.14849426952676964,0.17594813936063947,0.8791294900021448,0.8444743389605512,1084.4367311148492,"no_apex_potential:29, fall_before_apex:1"
427,-9.086015543589989,-0.34178115328152975,6.3,0.0,0.13333333333333333,0.0,2.706128107210421,1.5041864757188779,575.248076061727,0.1488815109890111,0.17114711538461547,0.8803693950375983,0.7783438098234963,1088.1423198999294,no_apex_potential:30
428,-10.964902091771364,-0.25997684731458626,8.4,0.06666666666666667,0.16666666666666666,0.06666666666666667,2.163140274097206,1.5268616638265469,570.5294641211293,0.14985828686019875,0.16873919892199316,0.8850164964840754,0.8628358156985636,1084.5111736207443,"no_apex_potential:28, success:2"
429,-11.019641732486585,-0.4592916160821915,7.2,0.03333333333333333,0.06666666666666667,0.03333333333333333,2.803818710056042,1.601857787813313,578.982841162913,0.14838850048100058,0.18057868566618576,0.8777257517126317,0.7863636252836287,1076.4218217179287,"no_apex_potential:28, success:1, fall_before_apex:1"
430,-7.886755728224913,-0.16225844671328862,6.5,0.0,0.3333333333333333,0.0,2.0116318598843006,1.2559985056323328,524.4105973823871,0.14179677489177497,0.1394796645021646,0.8987882763326573,0.7688983436289819,1091.8545877843387,"no_apex_potential:28, fall_before_apex:2"
431,-9.99614582558473,-0.22140258587896824,7.166666666666667,0.0,0.26666666666666666,0.0,2.111628599763824,1.3415481720189497,543.2127334719534,0.14539769952269965,0.1465067352092353,0.8930281779624534,0.7949705066978016,1098.8261402147698,no_apex_potential:30
432,-9.550580851361156,-0.3659578780333201,5.966666666666667,0.0,0.1,0.0,2.657373067145707,1.5882249527861005,588.1780417482959,0.15047089947089956,0.1794402777777779,0.8784529560578543,0.7927178345011117,1075.4494395796678,"no_apex_potential:29, fall_before_apex:1"
433,-12.168129236002763,-0.4231769323348999,7.7,0.0,0.06666666666666667,0.0,2.5094370715292937,1.5973691270966364,569.4224969676944,0.14619116582491595,0.174881403920154,0.8821130279260802,0.8218504074057029,1067.5702890754253,"no_apex_potential:26, fall_before_apex:4"
434,-10.557257981598378,-0.2766446602841218,6.866666666666666,0.0,0.2,0.0,2.320662648194563,1.491853527392182,578.3144839530556,0.14757744708994722,0.16362115079365092,0.8853300147290073,0.8287140828711157,1092.2219059198258,no_apex_potential:30
435,-11.734110776335001,-0.4136001442869504,8.366666666666667,0.0,0.13333333333333333,0.0,2.169974871885776,1.4586948077151705,562.7081880649475,0.14644247109901917,0.1620322735868364,0.8892523308863026,0.8533256390659198,1087.0138795544892,no_apex_potential:30
436,-9.689379637936751,-0.31075703526536624,6.4,0.0,0.13333333333333333,0.0,2.490543849557707,1.4978220910007478,582.2623496813881,0.14684026996152003,0.1662339622414623,0.8846697537222621,0.7907716702146133,1086.4086531165347,"no_apex_potential:29, fall_before_apex:1"
437,-9.74279890457789,-0.45621708668768407,6.8,0.0,0.06666666666666667,0.0,2.642193583207872,1.6067923492133527,583.0220637749356,0.1500640735190736,0.18349174344174354,0.8781262848546441,0.826802112826222,1072.4288165494277,"no_apex_potential:29, fall_before_apex:1"
438,-9.141278037428856,-0.2471532678231597,6.5,0.0,0.2,0.0,2.3928200833312716,1.4296926394403016,547.9096755624392,0.1493572271029625,0.1640740077950373,0.8861114605584235,0.7735595679094522,1079.8746097993428,no_apex_potential:30
439,-7.766295745968819,-0.05056773473819097,6.4,0.0,0.3333333333333333,0.0,1.8232682128087414,1.309585176632063,548.3932390749055,0.14672403235653245,0.14288463268213278,0.8954150576864081,0.8406171217671374,1100.7031954416066,"no_apex_potential:29, fall_before_apex:1"
440,-12.001502954711517,-0.3762905781467756,7.6,0.0,0.06666666666666667,0.0,2.6201677085637556,1.5850384461589575,574.9717370831804,0.14673618877854183,0.17578683713889606,0.8802578300523309,0.8305296772558683,1073.565372466972,"no_apex_potential:27, fall_before_apex:3"
441,-8.242385138571262,-0.09236345837513606,6.3,0.0,0.3,0.0,2.0397134981844203,1.3681765185987098,582.5254523755525,0.1449316635543107,0.15009338779956435,0.8938729704591524,0.7805383157598288,1097.9086859689278,no_apex_potential:30
442,-11.674006606141726,-0.4120708450675011,7.066666666666666,0.0,0.1,0.0,2.5825424795669556,1.5328242308510687,582.1767471151948,0.145960266955267,0.17149104256854267,0.8829729208384768,0.793162631529669,1078.8011915351558,"no_apex_potential:29, fall_before_apex:1"
443,-11.652909841140112,-0.30216542929410933,7.2,0.0,0.13333333333333333,0.0,2.519395750562275,1.5586283987780407,568.3760079250409,0.14675974025974037,0.17276685323935334,0.8823299288945974,0.7964654577611451,1076.4137241237163,"no_apex_potential:28, fall_before_apex:2"
444,-11.246158994734287,-0.4728475754459699,6.4,0.0,0.03333333333333333,0.0,2.891167555752378,1.6475064241243076,585.6930724372487,0.14980132275132282,0.18618343915343924,0.874937645614737,0.7767331653814462,1070.9916406766833,"no_apex_potential:29, fall_before_apex:1"
445,-11.360673292477925,-0.3375856084128221,7.9,0.0,0.06666666666666667,0.0,2.3371301508898834,1.5359362496580755,561.0327902418437,0.15052127053745487,0.17297393205235323,0.8824688741156073,0.8672727854316837,1080.4870537069544,"no_apex_potential:29, fall_before_apex:1"
446,-10.403768289337556,-0.388554789374272,6.833333333333333,0.0,0.1,0.0,2.5285534368176905,1.6202742539344175,561.1865814960966,0.14939268518518525,0.17867094576719592,0.8781922586068434,0.8242845664544388,1079.7235547822136,"no_apex_potential:29, fall_before_apex:1"
447,-9.395149964590868,-0.1496155424664418,7.066666666666666,0.0,0.26666666666666666,0.0,2.094081262662362,1.3337399537464514,555.1372301867609,0.1418084244459245,0.14609488992489,0.895458346839437,0.8050308520010037,1101.5303877709762,no_apex_potential:30
448,-9.90499589368701,-0.40957433270911375,6.6,0.0,0.13333333333333333,0.0,2.3825835256518397,1.5482974489374786,579.6640645756569,0.14783151182151194,0.16921233322233337,0.8835673467401168,0.8216395073394352,1088.1450748819864,no_apex_potential:30
449,-11.205413447444638,-0.359818155815204,7.5,0.0,0.13333333333333333,0.0,2.3433749595927447,1.4837166510166064,572.3902406588189,0.14667100870262645,0.16497020170461363,0.8864900602452759,0.8224754237204276,1084.4865416707294,"no_apex_potential:28, fall_before_apex:2"
450,-10.651685575395822,-0.3084606612722079,7.266666666666667,0.03333333333333333,0.1,0.0,2.4783359906792577,1.5788818399623243,579.1583724673272,0.14783008537758546,0.1732148532948534,0.8815158198189242,0.8193038412334812,1082.9283905797568,"no_apex_potential:28, success:1, fall_before_apex:1"
451,-9.457852769394716,-0.24952629779775937,7.266666666666667,0.0,0.23333333333333334,0.0,1.9236072068139585,1.4061123479437243,542.8335258767423,0.14815574194324205,0.15327945286195294,0.8908800469989898,0.8711452527073138,1088.4005205648662,"no_apex_potential:28, fall_before_apex:2"
452,-8.773639474809169,-0.5018677731355031,5.5,0.0,0.16666666666666666,0.0,2.7591512864270844,1.4707489053669878,579.9787000539972,0.14451685185185195,0.1675825925925927,0.8839644848906776,0.712446985613495,1079.4943125150292,"no_apex_potential:29, fall_before_apex:1"
453,-10.370153538386027,-0.33727850317955016,7.366666666666666,0.03333333333333333,0.2,0.03333333333333333,2.3054522175540075,1.4511072230886357,571.9071279683561,0.14553658730158742,0.16062960317460329,0.8879697669935158,0.8169601900605535,1089.3059715591628,"no_apex_potential:28, fall_before_apex:1, success:1"
454,-12.017206274469693,-0.49767854337890943,7.1,0.0,0.03333333333333333,0.0,2.6529785176394522,1.6347181693745516,578.9277234891786,0.1525067491645782,0.18404087197159577,0.8758392374111923,0.8300978629907205,1075.7226817361307,no_apex_potential:30
455,-11.634084026018778,-0.5025749450704704,7.133333333333334,0.0,0.06666666666666667,0.0,2.567282878833334,1.589311149576771,582.8528180462604,0.149367125031831,0.1784719385026739,0.880067677584594,0.7995930092141762,1076.641590827338,"no_apex_potential:29, fall_before_apex:1"
456,-9.291438557207584,-0.37234297891457874,6.7,0.0,0.2,0.0,2.3650672178157044,1.4414276180885028,558.1470420440513,0.14836664983164993,0.16259780303030316,0.8869870328630999,0.7915919721069679,1081.0739136901527,"no_apex_potential:29, fall_before_apex:1"
457,-11.783634570489328,-0.2964513150509447,8.1,0.03333333333333333,0.13333333333333333,0.03333333333333333,2.151131687834633,1.5883821484733853,572.9152373540926,0.1503721215699506,0.17359690893901433,0.8824106086972124,0.900166578538908,1082.9147300840818,"no_apex_potential:28, success:1, fall_before_apex:1"
458,-10.540930400167902,-0.2709033794080218,7.133333333333334,0.0,0.16666666666666666,0.0,2.296991635228008,1.4455939029937148,576.4987520447581,0.14740598544973557,0.1648619312169313,0.8874526881684496,0.8313830415468733,1081.424417324293,"no_apex_potential:28, fall_before_apex:2"
459,-10.281755213439464,-0.30106130490700406,6.733333333333333,0.0,0.2,0.0,2.229758495246349,1.3533937834290488,546.8298907999658,0.14462428932178942,0.15535084776334787,0.8916201098285136,0.7903940967767042,1090.163002397346,no_apex_potential:30
460,-10.63010934193929,-0.49976210792859393,6.566666666666666,0.0,0.0,0.0,2.8672442823720448,1.7349797487774503,579.1621360484802,0.1521647191697193,0.19269098494098508,0.8700804053722955,0.8415989088685936,1075.9226453835986,no_apex_potential:30
461,-8.449895102282365,-0.23876522878805798,5.6,0.0,0.26666666666666666,0.0,2.4502273855965293,1.4233112924746851,565.8674051396462,0.1454198412698414,0.1581162830687832,0.8879439627188178,0.7207975486729195,1090.586535670897,"no_apex_potential:29, fall_before_apex:1"
462,-8.83612545231978,-0.16851411710182826,6.133333333333334,0.0,0.3,0.0,2.036156001007666,1.3794451817130384,576.5531911840403,0.14510895863395876,0.15135652597402607,0.893206435596407,0.8121817474638584,1094.9296810748333,"no_apex_potential:29, fall_before_apex:1"
463,-12.253419836858908,-0.22451517432928086,8.466666666666667,0.0,0.16666666666666666,0.0,1.9931737395352154,1.4182879189674782,558.2565855223173,0.14668868877854183,0.15463069285289885,0.8909618757985263,0.8682849577487549,1095.3236603829719,"no_apex_potential:29, fall_before_apex:1"
464,-9.802166859308878,-0.2837318663795789,6.033333333333333,0.0,0.2,0.0,2.425665228466607,1.4446117096813147,557.7836377109257,0.14558088624338636,0.15869541125541134,0.8858502861671326,0.7614080593541594,1095.1225419881755,"no_apex_potential:29, fall_before_apex:1"
465,-8.380719095220169,-0.10941183815399806,8.233333333333333,0.03333333333333333,0.3333333333333333,0.03333333333333333,1.7399783985321757,1.3111013948737613,512.0811258829737,0.14813608567358577,0.14624576414326423,0.8957821769976477,0.8676527115047353,1090.2700234066492,"no_apex_potential:28, success:1, fall_before_apex:1"
466,-10.063759188602369,-0.47088023523489636,6.366666666666666,0.0,0.13333333333333333,0.0,2.5760932439827524,1.5592228880378836,567.5140072393567,0.1497044943019944,0.1730551027676029,0.8806248041504605,0.8010522808590524,1082.2929955536101,no_apex_potential:30
467,-12.220978052914143,-0.3886920622860392,7.866666666666666,0.0,0.13333333333333333,0.0,2.410515982751412,1.5137851655326253,570.6110255343135,0.14810282661782673,0.1680421845746847,0.8830924251778135,0.8300220065564915,1090.6000813428689,"no_apex_potential:29, fall_before_apex:1"
468,-10.412276969601711,-0.371244656542937,7.066666666666666,0.0,0.13333333333333333,0.0,2.280561330593865,1.5819871509538683,579.5133676585416,0.1492566305916307,0.17393474812224827,0.8828095801634919,0.8624730180744127,1083.0440792014558,"no_apex_potential:29, fall_before_apex:1"
469,-11.631066505859296,-0.4745331121919056,7.566666666666666,0.0,0.1,0.0,2.3985743379042024,1.5956175210737882,580.0693152113278,0.15081729962532603,0.1785434185210502,0.881108776538719,0.8261140994643834,1077.1600989798146,"no_apex_potential:29, fall_before_apex:1"
470,-11.774195632090171,-0.4488473782936732,6.833333333333333,0.0,0.06666666666666667,0.0,2.5331040506166125,1.5683751219334399,579.88246772938,0.14989562169312182,0.17876761904761915,0.8802957902335306,0.8235685268540013,1077.4704688450172,"no_apex_potential:29, fall_before_apex:1"
471,-9.818984397749107,-0.3101430686811606,6.833333333333333,0.0,0.2,0.0,2.391903001081889,1.4831868595468334,562.0332030064001,0.1494898863636365,0.16693970779220796,0.885322479873269,0.782886820550772,1082.356943475667,no_apex_potential:30
472,-12.847619801263015,-0.40578886518875756,7.633333333333334,0.0,0.03333333333333333,0.0,2.525240848717536,1.6397315977937974,576.3924002572404,0.15169242442742453,0.18189047489547502,0.8774547285192877,0.8347789188911917,1080.2833792626052,no_apex_potential:30
473,-10.76956059585015,-0.4202339142560959,7.133333333333334,0.0,0.1,0.0,2.6598122996831446,1.6829800643804613,584.7055463241591,0.15037930594460017,0.18671149470899484,0.876358868373811,0.8077506135109337,1068.245162891738,"no_apex_potential:29, fall_before_apex:1"
474,-10.22409518857797,-0.3490648945172628,7.466666666666667,0.03333333333333333,0.13333333333333333,0.03333333333333333,2.309755000100397,1.5283066175734763,559.6343656116219,0.15051511243386254,0.17189206349206362,0.8829273348757776,0.8532646667900635,1081.2185133385312,"no_apex_potential:29, success:1"
475,-11.821007768809796,-0.33266588573654493,7.066666666666666,0.0,0.1,0.0,2.3308060872269234,1.4992544797186966,586.6629567343803,0.14834394059644068,0.17207207551707562,0.8858528316844171,0.8293735124964463,1078.1333073242474,"no_apex_potential:29, fall_before_apex:1"
476,-9.921103662500778,-0.21509949937462808,7.566666666666666,0.03333333333333333,0.16666666666666666,0.0,2.1840865206054616,1.52440436183604,565.4907388308818,0.15148374135124146,0.16825671957671967,0.8841833023605434,0.862831259896329,1087.1323083870593,"no_apex_potential:29, success:1"
477,-9.726542091369629,-0.15774938464164734,6.933333333333334,0.0,0.26666666666666666,0.0,1.9734432579500227,1.3474377411341658,549.7673212277429,0.1467095105820107,0.1475325000000001,0.8932490951762637,0.7969377841326492,1102.6705861876462,no_apex_potential:30
478,-10.778321857750417,-0.2741698841253916,7.6,0.0,0.13333333333333333,0.0,2.3904026579592714,1.5764954313929338,572.287632326084,0.1501054112118819,0.17428550312976795,0.8813481192254226,0.8236961068633722,1081.5774121850786,"no_apex_potential:29, fall_before_apex:1"
479,-9.44588527654608,-0.34518863757451373,5.866666666666666,0.0,0.16666666666666666,0.0,2.580248193400814,1.5897229116070628,578.0978652925854,0.15141226190476204,0.1763124867724869,0.8796357250724771,0.7335634114230899,1080.3853590579233,no_apex_potential:30
480,-9.617372256020705,-0.2148254961396257,8.8,0.03333333333333333,0.2,0.03333333333333333,2.0917523950143746,1.5757489750080866,570.8214916668629,0.15188493238243247,0.1730370182350331,0.8832736626854701,0.8755142477194838,1084.4663737995734,"no_apex_potential:29, success:1"
481,-12.626086278756459,-0.4805921235432227,8.033333333333333,0.0,0.03333333333333333,0.0,2.4864691191315327,1.723018588160431,571.9300902575183,0.15475081825581835,0.18870289742664756,0.8739009916044629,0.8538882265013118,1075.4614613162573,no_apex_potential:30
482,-11.42835172911485,-0.3101436922947566,7.533333333333333,0.0,0.1,0.0,2.404852524031226,1.6718520613989996,577.8312219817891,0.15374312409812418,0.1833621500721502,0.8769342090504703,0.8374006131943548,1079.6215987057642,no_apex_potential:30
483,-8.649708196272453,-0.27730299656589824,6.5,0.0,0.23333333333333334,0.0,2.138551932420778,1.5014291022960136,573.8990340070176,0.15095482540607552,0.16336402731527747,0.8854563248102003,0.8221786058146445,1093.8933923807479,no_apex_potential:30
484,-10.801618040104707,-0.27183323812981447,6.833333333333333,0.0,0.16666666666666666,0.0,2.306822553819377,1.5631111363649743,558.7655628244752,0.1519450661375662,0.17004493386243397,0.8814592851975122,0.8188532752898301,1086.7187710507426,no_apex_potential:30
485,-12.743539269765218,-0.46557526687781015,7.566666666666666,0.0,0.0,0.0,2.4414811524925724,1.7423078155894227,581.4403035219153,0.15503397408147418,0.1891437607762609,0.8727153919495697,0.9014468742967969,1080.2562199941524,no_apex_potential:30
486,-10.120156051839391,-0.37183578436573345,6.966666666666667,0.0,0.13333333333333333,0.0,2.4463320168748677,1.5885042018488598,570.9192519197449,0.1516805107855109,0.17448603683353694,0.8793685811377755,0.8174688892757614,1087.938518351807,no_apex_potential:30
487,-10.312474312074482,-0.34410552158951757,6.5,0.0,0.16666666666666666,0.0,2.3286364112369453,1.57424577395169,578.1695450871285,0.15297939153439166,0.1739289213564215,0.8804142714186426,0.8394868478472336,1085.475185053484,no_apex_potential:30
488,-8.285022662828366,-0.23495820574462414,6.266666666666667,0.0,0.26666666666666666,0.0,2.108461655834081,1.5075858125374668,582.9601031580706,0.15088396825396835,0.16418582010582022,0.8855125321673618,0.8325482510288429,1091.4123587919883,no_apex_potential:30
489,-12.08101283510526,-0.39146054567148286,7.1,0.0,0.06666666666666667,0.0,2.430744061218213,1.6819010414233455,589.7059068861867,0.15404081168831182,0.1851996482683984,0.8755478491144593,0.8575829618259089,1081.464625822395,no_apex_potential:30
490,-11.92405332972606,-0.46203309297561646,6.9,0.0,0.06666666666666667,0.0,2.415508293362049,1.6899331764346646,581.0556351891989,0.15355882275132288,0.18502826719576732,0.8751353910725356,0.8722747964962265,1082.2239903907473,no_apex_potential:30
491,-12.626410043487946,-0.3026763586948315,8.266666666666667,0.0,0.13333333333333333,0.0,2.2707107413486023,1.562044700773528,568.4492627776066,0.1516226791019439,0.17404343101887235,0.881792145002209,0.8497690457205755,1085.2997589637287,no_apex_potential:30
492,-11.79152177547415,-0.37510206503793597,7.2,0.0,0.06666666666666667,0.0,2.396113664588277,1.6124103868066373,576.7715752536799,0.15237558862433875,0.1778858531746033,0.8788898975444102,0.8396058284316317,1085.3279306931804,no_apex_potential:30
493,-11.222919882585606,-0.3452807446320852,6.866666666666666,0.0,0.13333333333333333,0.0,2.2548379609038576,1.5515771108177578,579.3941489432201,0.15056884439634452,0.16718632996633004,0.8827756919430134,0.8353189049652463,1094.036767104501,no_apex_potential:30
494,-10.788177850842477,-0.379909731199344,7.033333333333333,0.0,0.13333333333333333,0.0,2.39757095429003,1.6235248496849932,566.6896338873458,0.1526855563880565,0.17620090548340558,0.8779998217866126,0.8475466067205649,1085.0901034646577,no_apex_potential:30
495,-10.091051983833314,-0.17454195866982142,7.3,0.0,0.23333333333333334,0.0,1.9761670907320485,1.4999749637796962,570.0594275797577,0.1514222979797981,0.16399582972582985,0.8866303330806328,0.8766394132342759,1093.1850655043227,no_apex_potential:30
496,-10.660510140905778,-0.40971168453494705,7.033333333333333,0.0,0.13333333333333333,0.0,2.385796121160716,1.6010154208111165,579.1499757440713,0.15209760073260084,0.17592239621489633,0.8802606120161465,0.814584275714132,1081.6420705401617,no_apex_potential:30
497,-12.586425824960072,-0.5173813114563625,7.433333333333334,0.0,0.03333333333333333,0.0,2.4481734645401487,1.7331291463342213,584.231706342256,0.15437810041810054,0.1889821341621343,0.8740689938839281,0.8474297883768108,1077.8001900325492,no_apex_potential:30
498,-9.061389348407586,-0.13277906974156697,7.3,0.03333333333333333,0.26666666666666666,0.0,2.0074367853167248,1.5003938769331984,560.6462039588289,0.15131443695193705,0.16272724580974593,0.8865868980539635,0.8593047828344911,1092.1336777329718,"no_apex_potential:29, success:1"
499,-8.877220356216034,-0.3525833954413732,6.566666666666666,0.0,0.2,0.0,2.268438249264585,1.5173331367349467,566.1807370832514,0.15167441919191932,0.16813853294853306,0.8840927656858208,0.8098499397921347,1087.2028686518274,no_apex_potential:30
500,-9.734643100636701,-0.0886961399887999,7.033333333333333,0.03333333333333333,0.26666666666666666,0.0,1.9080318087247647,1.4224901561470937,525.1261296700005,0.15062263888888902,0.1527937962962964,0.8891335763923733,0.8330978709154454,1097.5994026895844,"no_apex_potential:29, success:1"
501,-10.165055352325242,-0.2610214283068975,7.333333333333333,0.0,0.26666666666666666,0.0,1.9061108052536646,1.3992780178401327,548.536367633451,0.14936556656306665,0.1526260632885634,0.8915242114270548,0.8292760685920196,1098.1034669766268,no_apex_potential:30
502,-9.93154908803602,-0.25871604308485985,6.833333333333333,0.0,0.2,0.0,2.168393445320192,1.5494000642166432,557.6446800105572,0.15220655062530072,0.16830689514189526,0.883233972557739,0.8227749370254132,1088.3294391635852,no_apex_potential:30
503,-10.837059700489045,-0.24491752261916797,7.0,0.0,0.2,0.0,2.192720301168681,1.55206012601937,572.9235614731422,0.1517820260730556,0.16813160562204693,0.8831025581775637,0.8335096888429347,1088.6721329318295,no_apex_potential:30
504,-8.333299884945154,-0.02389402911067009,6.9,0.0,0.36666666666666664,0.0,1.738884347297105,1.3193586205847743,535.5207722915397,0.14870650182606077,0.14413153674212506,0.8960260181185251,0.823577025802786,1098.35202766354,no_apex_potential:30
505,-12.04729322269559,-0.5361355348179738,7.0,0.0,0.03333333333333333,0.0,2.61326488246767,1.6860268650916683,581.5172054107328,0.15472762046232644,0.18769586898395738,0.8741796335491555,0.814156977295106,1076.2974170115426,no_apex_potential:30
506,-10.867590456455947,-0.40624038130044937,6.666666666666667,0.0,0.1,0.0,2.4591340709759675,1.7232345191057588,582.1010142336407,0.15447854288499038,0.18561981481481496,0.8732162361087367,0.8792501945631732,1081.684830153534,no_apex_potential:30
507,-9.676703331371149,-0.20342425604661304,6.266666666666667,0.0,0.23333333333333334,0.0,2.1338736149281674,1.545289031956298,571.1028843241949,0.15155205433455443,0.16678227920227934,0.8835647049695438,0.8292148500185651,1091.2170307834322,no_apex_potential:30
508,-9.422437039017677,-0.26141498213013015,6.7,0.0,0.26666666666666666,0.0,2.022617889170441,1.439123230666767,558.0017849525445,0.14834699735449747,0.1556284920634922,0.8900042455341911,0.7938671416798321,1095.6406789677958,no_apex_potential:30
509,-8.699131192887823,-0.23532558331886927,6.533333333333333,0.0,0.26666666666666666,0.0,2.070651497212093,1.4316643056426988,560.0261754090964,0.14963060245310258,0.15550259740259753,0.8889328433185781,0.8136847217363932,1096.3185710940131,no_apex_potential:30
510,-10.470982107520104,-0.40622742995619776,6.633333333333334,0.0,0.13333333333333333,0.0,2.4708108529929733,1.5792105353801646,577.2801581336747,0.15277504440004452,0.17642887094931223,0.8800394355379169,0.7836322658595318,1080.5614472913078,no_apex_potential:30
511,-12.166890501976013,-0.3026320622380202,9.433333333333334,0.0,0.16666666666666666,0.0,1.9818395457299256,1.5143154762838944,552.8837795524635,0.15114414432546025,0.16547641952102488,0.8855200543306018,0.913612477962922,1092.7386731225868,no_apex_potential:30
512,-11.935796345522006,-0.20048608283201855,7.266666666666667,0.0,0.16666666666666666,0.0,2.209762400741142,1.5919628345395143,577.0441855190336,0.15072910052910066,0.17161130952380962,0.8815727610264662,0.8615675979293673,1091.58065352398,no_apex_potential:30
513,-9.243335228413343,-0.19598450164000195,7.233333333333333,0.03333333333333333,0.26666666666666666,0.03333333333333333,2.124373954516216,1.4463667646558678,557.7033316140829,0.14991660200910212,0.15775516034891046,0.8877240295778759,0.8228834924816177,1096.5565787678595,"no_apex_potential:29, success:1"
514,-12.626168164114157,-0.45240695724884666,7.4,0.0,0.1,0.0,2.489495875136879,1.6670530613055516,582.050256533303,0.15422197839197851,0.1879857525807527,0.8758923230734452,0.8413705468362135,1075.3062056992005,no_apex_potential:30
515,-10.883987507844965,-0.27071260940283537,7.266666666666667,0.0,0.23333333333333334,0.0,2.0371668720533034,1.4565315223929818,569.1663441898197,0.14926735588485598,0.1596801997076998,0.8887360977609442,0.8159845489668502,1094.3484433111448,no_apex_potential:30
516,-10.926236027106643,-0.3253201658527056,7.133333333333334,0.03333333333333333,0.13333333333333333,0.03333333333333333,2.4803431962915514,1.6056880198174532,576.3222025143857,0.15360289645539663,0.18057205729455741,0.8779089623515934,0.8296563912093916,1081.9867684265034,"no_apex_potential:29, success:1"
517,-11.378894910464684,-0.39490729486569764,7.566666666666666,0.0,0.1,0.0,2.4352688995163194,1.6376345575346127,583.7607608274533,0.153764025881526,0.18486393134643145,0.8772377065932278,0.8558403379596163,1078.0530072534532,no_apex_potential:30
518,-11.088741052647432,-0.28822993660966556,7.733333333333333,0.0,0.16666666666666666,0.0,2.182140680935871,1.5337407839234445,567.612619160258,0.15196942724429577,0.1690468203677416,0.8836408167877948,0.8272479317086873,1087.3909476466126,no_apex_potential:30
519,-9.291887633999188,-0.16147135545810062,6.366666666666666,0.0,0.26666666666666666,0.0,2.170150734367969,1.425631497005889,562.0438270412593,0.14862160052910062,0.1580270238095239,0.8895181031864303,0.7662404831878528,1090.1127402088591,no_apex_potential:30
520,-12.330106983582178,-0.33753752981623014,8.1,0.0,0.1,0.0,2.244052986922713,1.5867888214647683,580.124025656388,0.15242934417434428,0.1763753799903801,0.8818318738296544,0.8404847925615385,1082.3027285424866,no_apex_potential:30
521,-11.625188325842222,-0.3869143714507421,6.666666666666667,0.0,0.1,0.0,2.4604443088374572,1.6060594513302426,580.6040031663415,0.1528330747955749,0.17922020442520462,0.8787545166030537,0.8179052498390615,1081.3333178545122,no_apex_potential:30
522,-12.577543734014034,-0.3967192369202773,7.9,0.0,0.06666666666666667,0.0,2.3787960105400408,1.6833069746282472,582.0520438993351,0.15428005901505912,0.18595277879527894,0.8761525737027027,0.8651065883957396,1081.6743424257872,no_apex_potential:30
523,-10.483325752864282,-0.30953974624474845,6.966666666666667,0.0,0.13333333333333333,0.0,2.294347041587306,1.6153618785371078,579.1826523211699,0.15166734136234145,0.17540500980500992,0.8792791785344745,0.8602247682689769,1090.8887957487302,no_apex_potential:30
524,-10.529796358197927,-0.3184487223625183,6.6,0.0,0.13333333333333333,0.0,2.4317812519229793,1.6654707391236954,576.9279153348215,0.15354161375661385,0.17952597522847533,0.8764228723271638,0.8290015921118443,1084.880783228359,no_apex_potential:30
525,-12.361237048606078,-0.5001205523808797,7.733333333333333,0.0,0.1,0.0,2.292034567682092,1.6237934365117257,571.3394278454987,0.15372627224627236,0.17854049783549794,0.879220879494086,0.8551314476899167,1082.3164563687687,no_apex_potential:30
526,-11.960966983189186,-0.37768369913101196,7.2,0.0,0.1,0.0,2.4567849740658128,1.673011080307567,579.216571870162,0.1530335643060644,0.18247271395271408,0.876131278413878,0.8145301956868595,1082.1614613419779,no_apex_potential:30
527,-9.362735369304817,-0.0551066130399704,6.8,0.03333333333333333,0.3333333333333333,0.03333333333333333,1.9390372766292205,1.380136733795982,565.2236921757636,0.1489069576719578,0.15284634920634932,0.8931092966920384,0.79062642224236,1095.1086620892956,"no_apex_potential:29, success:1"
528,-11.008251871044438,-0.24023913045724232,7.2,0.0,0.2,0.0,2.0550320964240045,1.5531699899300755,570.4991755912364,0.1523988492063493,0.16952934523809537,0.8837062075352005,0.8569340230902014,1089.6007204632785,no_apex_potential:30
529,-10.496802311142286,-0.3968520206709703,6.766666666666667,0.0,0.16666666666666666,0.0,2.3089695126208696,1.5952637659623845,576.166949271026,0.15315808201058212,0.17505951058201066,0.8798112099871145,0.842739658167395,1085.2489424628252,no_apex_potential:30
530,-13.704514090220133,-0.49306205064058306,7.833333333333333,0.0,0.0,0.0,2.539727185872171,1.766079524832232,579.521177264049,0.1554909491142387,0.19032667911766604,0.8714749254605968,0.8547370383906531,1079.8244090657004,no_apex_potential:30
531,-12.235268659703433,-0.39425876339276633,7.566666666666666,0.0,0.06666666666666667,0.0,2.4053435217849115,1.6598508881348237,582.615588597608,0.15409436063936077,0.18378672161172174,0.877152263598013,0.8432514468264478,1079.875552921277,no_apex_potential:30
532,-11.804403289655845,-0.4294010539849599,7.3,0.0,0.1,0.0,2.371250337472174,1.630319834520519,575.4140235359238,0.15276354460354472,0.17883042318792333,0.8784936218724878,0.8359924637286987,1083.7115864222192,no_apex_potential:30
533,-10.555737286557754,-0.2857686998943488,6.5,0.0,0.16666666666666666,0.0,2.2793122941670747,1.5493762403198723,590.9839235948609,0.1524132599807601,0.17267337782587794,0.8818204471611917,0.8355908833267589,1086.4103685921643,no_apex_potential:30
534,-10.943142671138048,-0.2102180422283709,7.133333333333334,0.0,0.16666666666666666,0.0,2.197450495847657,1.6199866966577785,578.0263290280039,0.1527446509372981,0.17532077784960146,0.8801624533742664,0.8680519324572881,1088.0018709803962,no_apex_potential:30
535,-10.73939598898093,-0.2661096947888533,7.1,0.0,0.2,0.0,2.2883639311564883,1.5662731209384502,552.5651644772292,0.15192671032671043,0.16972994551744564,0.8813779923495157,0.8140440485703561,1086.762825907426,no_apex_potential:30
536,-13.565865569685895,-0.48305318926771484,7.666666666666667,0.0,0.03333333333333333,0.0,2.4626133752921637,1.6644692024219434,584.4386093545693,0.15416598369223378,0.18574964683464698,0.8765313470674836,0.8338040210724478,1079.2125858159416,no_apex_potential:30
537,-10.922358127931753,-0.4970821057756742,6.7,0.0,0.1,0.0,2.4682042195162697,1.6527586615622536,568.9731675845597,0.15298654401154413,0.17727542328042345,0.8767365205868849,0.8137424671459643,1087.920402450981,no_apex_potential:30
538,-8.45027451639374,-0.13054583420356114,6.233333333333333,0.0,0.3333333333333333,0.0,1.8656874845932754,1.358318238942861,516.6540189513216,0.1501068915343916,0.14709768518518535,0.8928828246554908,0.8042619090889062,1094.702341323249,no_apex_potential:30
539,-10.069700582077106,-0.24010131085912387,7.033333333333333,0.0,0.23333333333333334,0.0,1.9465625896218215,1.4945609973886709,561.6178518773929,0.15078469558219568,0.15886488122988135,0.8872424588485229,0.8537758838696143,1097.8740661074514,no_apex_potential:30
540,-9.552119336277247,-0.31493860806028046,6.533333333333333,0.0,0.2,0.0,2.2667216448652683,1.509272663912072,575.8253846187786,0.14926948412698424,0.16581736772486785,0.8858691175714124,0.774479412249067,1085.7685375435353,"no_apex_potential:29, fall_before_apex:1"
541,-11.83131837149461,-0.484815514087677,6.933333333333334,0.0,0.1,0.0,2.47017121662911,1.633603664514229,576.3229665961476,0.1514672787397789,0.17937844396344407,0.8788796119827591,0.7925496104202207,1079.1435264601125,"no_apex_potential:29, fall_before_apex:1"
542,-9.25601983120044,-0.2489305928349495,6.333333333333333,0.0,0.23333333333333334,0.0,2.2350021618246165,1.5682117105323061,574.5149791602738,0.15195783068783078,0.16690732804232813,0.8823555069494553,0.8051671502628543,1092.43533238774,no_apex_potential:30
543,-11.414048273364703,-0.38437770432792606,7.533333333333333,0.03333333333333333,0.13333333333333333,0.0,2.2101188684290336,1.6382294522845733,571.6863286066567,0.15336082972582984,0.17927054112554122,0.8791988309050535,0.8702975879307928,1081.568169550184,"no_apex_potential:29, success:1"
544,-13.029889832933744,-0.4561264842748642,8.733333333333333,0.03333333333333333,0.06666666666666667,0.03333333333333333,2.34114396700462,1.7708067301117585,579.1831150418304,0.15467097526384305,0.18756153403785772,0.873830008531114,0.8760497291148913,1079.39236624864,"no_apex_potential:29, success:1"
545,-11.738437502334515,-0.4676903394361337,7.933333333333334,0.0,0.2,0.0,2.087609336400825,1.5245781076362437,563.1155654632116,0.15103154518240056,0.1665964798675984,0.885443370143025,0.8271861946625095,1088.8974946249402,no_apex_potential:30
546,-10.957672098527352,-0.26511640722552937,6.533333333333333,0.0,0.2,0.0,2.1251036048860916,1.4509307920859038,570.6656944290545,0.14989054232804247,0.1606173677248678,0.8874161435663642,0.8236405161168084,1094.752244416514,no_apex_potential:30
547,-12.937401653329532,-0.3963308831055959,7.933333333333334,0.0,0.06666666666666667,0.0,2.2630702311116058,1.576792000824352,573.2740531355404,0.15159476865726876,0.17270889379139387,0.8805556109845213,0.8646412474701238,1094.760355981572,no_apex_potential:30
548,-12.107183229426543,-0.38123079339663185,6.933333333333334,0.0,0.1,0.0,2.493204695092088,1.6836984899166219,584.4236465136142,0.15324670634920645,0.18347928330928345,0.8758957890847875,0.8200588456917878,1081.2784774527538,no_apex_potential:30
549,-12.700161023189624,-0.3375859148800373,7.766666666666667,0.0,0.13333333333333333,0.0,2.335048351378241,1.5475487858292405,575.8807283142786,0.15224393772893782,0.17264708842083853,0.8819568247317815,0.825965462313351,1083.789892304271,no_apex_potential:30
550,-11.145510595788558,-0.30490482921401657,6.733333333333333,0.0,0.16666666666666666,0.0,2.306264200593018,1.5470543406953432,582.452210869614,0.15193925925925936,0.17207814814814826,0.8821944831299992,0.815826229732823,1088.074753316268,no_apex_potential:30
551,-12.039192618926366,-0.2521142352372408,7.5,0.0,0.13333333333333333,0.0,2.283026946220691,1.569483713908358,569.2867792620493,0.1519462898212899,0.17361201261701276,0.8819522588813696,0.832263679682553,1085.1614366352974,no_apex_potential:30
552,-11.156004243592422,-0.39110252310832344,6.266666666666667,0.0,0.16666666666666666,0.0,2.3644483871587982,1.5536478970853331,586.408673233449,0.15192445887445902,0.1733290800865802,0.8821433794943178,0.7780688796763583,1082.990705114707,no_apex_potential:30
553,-11.759444189816714,-0.31832742169499395,7.233333333333333,0.0,0.13333333333333333,0.0,2.278974485597315,1.6199126282103526,572.7274358100193,0.1527817736892738,0.17611835016835029,0.8791005373582743,0.8519766207631239,1088.047632946841,no_apex_potential:30
554,-12.202769502003987,-0.49011548310518266,7.1,0.0,0.0,0.0,2.6327521079572502,1.7089997262908563,587.5293883517469,0.1546050858400859,0.19055220871720882,0.8728425934235208,0.8355079710691309,1076.6885430198445,no_apex_potential:30
555,-12.2657677034537,-0.34725604951381683,7.333333333333333,0.0,0.1,0.0,2.2210789759230702,1.5954662984759804,566.7729244287096,0.1519188870497695,0.17397487932546768,0.8808011694766191,0.8694897015763919,1087.6000115635209,no_apex_potential:30
556,-12.3932671867311,-0.3407347264389197,7.3,0.0,0.1,0.0,2.299974013060505,1.5872666026034823,581.4767690996927,0.15147905582435006,0.17336661644455773,0.8808259493949925,0.851844364922674,1089.0461885893608,no_apex_potential:30
557,-12.08710912714402,-0.3604324502249559,7.8,0.03333333333333333,0.06666666666666667,0.0,2.339874056541148,1.7035568667984229,579.2020308130855,0.15459603711103723,0.18390200036075052,0.8754125791608603,0.8807439761463717,1082.8378913237527,"no_apex_potential:29, success:1"
558,-12.725929152965545,-0.41749229431152346,7.266666666666667,0.0,0.06666666666666667,0.0,2.348782596311329,1.6577650092576937,572.9803231137462,0.15367514430014442,0.18118137686387703,0.8769813240530469,0.8836636651541233,1084.2894136756076,no_apex_potential:30
559,-13.107731114824613,-0.39766085520386696,7.866666666666666,0.03333333333333333,0.06666666666666667,0.03333333333333333,2.541660064975218,1.6895121040159666,583.0032661695644,0.1543402747715249,0.1887470815295816,0.8745511701067097,0.8379313524745441,1076.5183711612142,"no_apex_potential:29, success:1"
560,-11.699875635405382,-0.378393513460954,6.533333333333333,0.0,0.1,0.0,2.4997515806996575,1.6689169414429474,589.7361619537623,0.1540135990860992,0.18551526815776834,0.8762472817801709,0.799688274896046,1077.163407283731,no_apex_potential:30
561,-10.457661505633345,-0.32885715185354153,7.266666666666667,0.0,0.2,0.0,2.108424623629324,1.5178403021181195,552.1885144162427,0.15115139610389622,0.16264199855699862,0.8849411300329819,0.8412635830335745,1095.5787732369395,no_apex_potential:30
562,-13.372060117249687,-0.3767162457108498,7.533333333333333,0.0,0.06666666666666667,0.0,2.4409820577141557,1.67949827251754,583.0075056878519,0.15129551383801396,0.1790580402930404,0.8762879764730428,0.8672804323015602,1089.8756889913132,no_apex_potential:30
563,-11.905067126452924,-0.32642192045847573,6.933333333333334,0.0,0.16666666666666666,0.0,2.235748762482129,1.5387025357257351,559.3966206657068,0.1492639417989419,0.16341505952380964,0.8827131816527921,0.8398398753296663,1099.2139899912793,no_apex_potential:30
564,-14.030722337961198,-0.42876549859841667,7.7,0.0,0.03333333333333333,0.0,2.4239120827071203,1.6681861849027615,585.0421751826332,0.15474279461279475,0.1850899247049248,0.8756709996080653,0.8654575191866755,1079.930728462718,no_apex_potential:30
565,-11.206481164818008,-0.20036595749358335,8.033333333333333,0.0,0.23333333333333334,0.0,1.9112067859665947,1.442561361358054,554.669864644841,0.15097422854922865,0.15872004514004526,0.8894559968084119,0.8378907440594969,1094.117441886582,no_apex_potential:30
566,-12.237334751089413,-0.41554953455924987,6.766666666666667,0.0,0.06666666666666667,0.0,2.5927073499155937,1.647517958628732,576.2349056759745,0.15295046176046187,0.18224630952380963,0.8761105684347277,0.8009859870692101,1078.7782228551462,no_apex_potential:30
567,-11.559979794422786,-0.3599760413169861,7.033333333333333,0.0,0.1,0.0,2.3474070277652803,1.5784536395397921,577.8688741955757,0.15198645604395616,0.1764594607244608,0.8806418562542784,0.8240378221081078,1084.0961550610834,no_apex_potential:30
568,-10.267653572559357,-0.2712966124216715,6.9,0.0,0.13333333333333333,0.0,2.448607111032641,1.6304343004964272,580.5597878909747,0.15222410654160667,0.18207293410293424,0.8775775609221003,0.8689439517531697,1080.1807356928198,no_apex_potential:30
569,-11.443956293165684,-0.33115381946166356,6.433333333333334,0.0,0.1,0.0,2.52771676572651,1.6934428017377634,592.4651740255766,0.15435780644736538,0.18712998012880375,0.8736870463377694,0.8650305151742099,1081.144713116715,no_apex_potential:30
570,-11.792778420945009,-0.48498692115147907,7.466666666666667,0.0,0.06666666666666667,0.0,2.482345026822735,1.695388280487853,572.2465813332878,0.15515531746031758,0.18765977513227527,0.8747047116312088,0.8423763671582469,1075.3630252421358,no_apex_potential:30
571,-11.448359149694443,-0.3137476502500552,7.166666666666667,0.0,0.16666666666666666,0.0,2.291616187992848,1.5360637694012402,580.8846308433765,0.15211867808661939,0.17208367647058836,0.8828718420935563,0.808584785630534,1084.1360294224871,no_apex_potential:30
572,-10.182822388658922,-0.23988950451215107,6.666666666666667,0.0,0.2,0.0,2.3181404954551907,1.537375763289986,563.5946012138764,0.15059743524993535,0.17028196396196407,0.8829743389781536,0.8169396255429734,1086.860913344775,no_apex_potential:30
573,-11.262728182350596,-0.4084587931632996,7.233333333333333,0.0,0.1,0.0,2.327116569192746,1.601286455703766,573.6834343737163,0.15292858030858042,0.1771124611499613,0.8795055104615085,0.8525286585705287,1082.7174288122624,no_apex_potential:30
574,-11.541688528656959,-0.3956515019138654,6.433333333333334,0.0,0.13333333333333333,0.0,2.4586473005975167,1.642370956225701,567.9488647116958,0.1531527777777779,0.1796500000000001,0.8772134063007611,0.8187976820761474,1083.105493760203,no_apex_potential:30
575,-11.316094931215048,-0.46409062668681145,6.933333333333334,0.0,0.06666666666666667,0.0,2.617257123615021,1.6686142562142805,582.7804081511819,0.15414692816442827,0.1874313471713473,0.8749580414102455,0.8125095919522625,1073.8446728612291,no_apex_potential:30
576,-10.895180244743823,-0.3546486248572667,6.566666666666666,0.0,0.13333333333333333,0.0,2.4169311476435325,1.6115469755180334,571.3723846977412,0.15170641654641664,0.17609803872053884,0.8784848835942184,0.8385700181040274,1081.3001300369428,"no_apex_potential:29, fall_before_apex:1"
577,-12.668557282537222,-0.3609841083486875,7.633333333333334,0.0,0.06666666666666667,0.0,2.417326871125928,1.6527623952812285,579.908951452639,0.15333141562141575,0.18301680467680484,0.877088924659238,0.8504284269472983,1082.7860455747402,no_apex_potential:30
578,-11.947259777784348,-0.3960516203039636,6.833333333333333,0.0,0.1,0.0,2.503142571297285,1.661882557065447,585.0314357549937,0.15451187830687846,0.18424118421052646,0.8755478088819574,0.8333488834981531,1080.7765222452435,no_apex_potential:30
579,-10.313280248145263,-0.3459495743115743,6.9,0.0,0.23333333333333334,0.0,2.0340259683964317,1.4554158210982213,555.17062654901,0.1496733917933919,0.15977325933325945,0.8879097431328248,0.8411819242712623,1093.0127514965511,no_apex_potential:30
580,-10.724450107415517,-0.2515283947189649,7.566666666666666,0.0,0.16666666666666666,0.0,2.171723481894953,1.5543473042960436,561.1968865990127,0.15240339821398655,0.16937431902520153,0.8833119826059612,0.8471812187250968,1084.5507182919232,no_apex_potential:30
581,-10.923070064807932,-0.413444792603453,7.033333333333333,0.0,0.16666666666666666,0.0,2.234014981355304,1.4727893673096009,560.0320664641763,0.14983444444444458,0.1629913227513229,0.8863644746053673,0.7974105901814269,1089.5691455360616,no_apex_potential:30
582,-11.643866197764874,-0.4082949141661326,7.933333333333334,0.0,0.2,0.0,2.154612162107733,1.5541623573666283,573.6702261249814,0.15240674106938823,0.17104371135400562,0.8828734362643106,0.8564603551646357,1088.4655741716342,no_apex_potential:30
583,-10.443261302262545,-0.2009912921115756,7.066666666666666,0.0,0.23333333333333334,0.0,2.111185665742569,1.4589678760423235,572.0909794046026,0.14952087826890467,0.1609256197311461,0.8877536868866654,0.8261955247242204,1093.185359268379,no_apex_potential:30
584,-12.578039700289567,-0.40540365080038704,7.366666666666666,0.0,0.06666666666666667,0.0,2.4735439007944335,1.724435143504993,590.4288897558453,0.15450803263185628,0.18896800342359177,0.8734517130537344,0.8598548837924955,1077.8813271075337,no_apex_potential:30
585,-11.706633622944356,-0.3880123586704334,7.533333333333333,0.03333333333333333,0.1,0.03333333333333333,2.3880815868726284,1.647945763231695,583.5990304375019,0.15361343221593238,0.18054829189329202,0.8770672249520985,0.8554136956470056,1084.061584831588,"no_apex_potential:29, success:1"
586,-13.013730845352013,-0.3238031640648842,7.5,0.0,0.1,0.0,2.3317753322835415,1.5889777086119925,574.4269124726427,0.15273627733377743,0.17635706145706162,0.8804129022615143,0.8246453848020245,1084.5178826328631,no_apex_potential:30
587,-10.614605210969845,-0.43938219410677753,6.4,0.0,0.23333333333333334,0.0,2.134218306692373,1.4941861779612287,582.922204376287,0.14965672364672375,0.16366913410663422,0.8873971264530465,0.7703567563951436,1089.6615501766794,no_apex_potential:30
588,-10.753608962024252,-0.13329987588028114,8.3,0.0,0.2,0.0,2.151962667971341,1.5779775168278225,541.9561332413101,0.15224357676350717,0.170499061361755,0.8818214027029863,0.8665022556777288,1084.9775100992067,no_apex_potential:30
589,-11.200943266724547,-0.36036394933859506,6.533333333333333,0.0,0.1,0.0,2.4176630050742194,1.6569767896735716,591.4885656913599,0.15378111111111126,0.18193525132275143,0.8766232589903095,0.8425194854796497,1083.2330491868663,no_apex_potential:30
590,-11.76530838223795,-0.3874251484870911,7.633333333333334,0.0,0.13333333333333333,0.0,2.319049693724097,1.6059442973549003,564.8770833378525,0.1512505820105821,0.17554166005291014,0.8799939417159206,0.8234666007143069,1089.0225791979153,no_apex_potential:30
591,-11.436372292786837,-0.23983016436298688,6.766666666666667,0.0,0.2,0.0,2.0409356366603526,1.4947854888943506,576.8356087290266,0.15080124273874285,0.1618877650127651,0.8864963326220713,0.8407684745686856,1094.1250214474883,no_apex_potential:30
592,-10.642832887917757,-0.2937953268488248,6.5,0.0,0.2,0.0,2.2204254555160854,1.632403326908842,584.5805003180121,0.15256085618085627,0.17599591991342003,0.8791339486425455,0.8771710432850045,1088.32603150593,no_apex_potential:30
593,-10.82211810828497,-0.3903711408376694,6.866666666666666,0.0,0.2,0.0,2.147048901722032,1.492970693108311,557.6925465615722,0.14976899470899482,0.16067752645502656,0.8857758497068511,0.821458773698899,1097.3841316279138,no_apex_potential:30
594,-10.869845138738553,-0.328372227648894,6.566666666666666,0.0,0.13333333333333333,0.0,2.460163041117041,1.6419689339886292,586.0888792826315,0.15321677849927864,0.1816602152477154,0.8774507510598559,0.8126810375249824,1079.7621143097856,no_apex_potential:30
595,-10.694787108836074,-0.19287637919187545,7.2,0.0,0.23333333333333334,0.0,2.1391396604811894,1.3929015831054066,543.9991878898853,0.15007449056390243,0.15776778138528152,0.8903172529864853,0.7707051235552745,1086.158676548393,no_apex_potential:30
596,-10.753840918838979,-0.3955180396636327,6.3,0.0,0.13333333333333333,0.0,2.4683481989735587,1.6733062278469706,588.790397946819,0.15388781084656092,0.18488546296296313,0.876205166682077,0.8290820207072261,1076.4967995932896,no_apex_potential:30
597,-11.201350926359494,-0.3625086275550226,7.0,0.0,0.13333333333333333,0.0,2.537333052031525,1.610028014896952,583.8397527457589,0.15378012321012333,0.18114099083922627,0.8782567628377187,0.7567595836304722,1076.4341214277176,no_apex_potential:30
598,-12.46619248787562,-0.41799433132012687,7.5,0.0,0.06666666666666667,0.0,2.4192259854616314,1.697331391599552,575.6303474262724,0.15471525132275143,0.18607911135161148,0.8748954718557252,0.8686988756124644,1079.383756461996,no_apex_potential:30
599,-13.334184883721173,-0.31665953422586124,8.2,0.0,0.1,0.0,2.208262990799875,1.5377007733784025,564.6631591569978,0.1515767145128408,0.16982560048783357,0.883771477251399,0.8323758264296746,1087.3504659474231,no_apex_potential:30
600,-11.801155524204175,-0.4883765613039335,7.0,0.0,0.1,0.0,2.386998280630971,1.5854675203144415,564.3703115245274,0.15259286916786927,0.17519054473304488,0.880189751908133,0.801259477722167,1083.7579067218257,no_apex_potential:30
601,-10.744770397990942,-0.2279143969838818,6.866666666666666,0.0,0.26666666666666666,0.0,2.014246024268486,1.479820515096633,571.1686655018043,0.14992529914529926,0.15970725986975998,0.8873736704689057,0.8444550737003866,1097.4825129386286,no_apex_potential:30
602,-10.239887756605944,-0.24002394874890645,6.9,0.0,0.23333333333333334,0.0,2.040006183274416,1.4776693333532336,578.4741258774231,0.15084564639064654,0.16187644882894894,0.8873252962898006,0.8371511697412158,1094.7396702400724,no_apex_potential:30
603,-11.325336013982694,-0.3109256831308206,7.666666666666667,0.03333333333333333,0.16666666666666666,0.03333333333333333,2.329692159367161,1.582415779114845,565.3682188548058,0.15277797415547426,0.17507475376475384,0.8804197571560035,0.8446492849043608,1083.40080915945,"no_apex_potential:29, success:1"
604,-11.117856685817241,-0.2715684603589276,6.5,0.0,0.2,0.0,2.226893280559896,1.5405258514664597,569.4423029283939,0.1516599895864371,0.16717117183985616,0.8826055783106429,0.815539446813904,1090.4555596661326,no_apex_potential:30
605,-9.88226530328393,-0.2865659256776174,6.233333333333333,0.0,0.26666666666666666,0.0,2.0705355008555943,1.4218699298854647,533.5656088942992,0.1499240476190477,0.15541085978835992,0.8887342191189037,0.7933924989026965,1091.1537640937156,no_apex_potential:30
606,-12.80515327602625,-0.37566256125768027,8.066666666666666,0.03333333333333333,0.1,0.03333333333333333,2.3164254861832743,1.6123007461916326,571.4146185400654,0.15270083573833582,0.1769469480519482,0.8796151063106862,0.8469222629561254,1086.796689891843,"no_apex_potential:29, success:1"
607,-9.026299056286613,-0.33189275513092675,5.733333333333333,0.0,0.26666666666666666,0.0,2.210650645747426,1.4763894918440337,583.4432315308712,0.150922218892219,0.16237449966699982,0.8864201502706909,0.7571121743564858,1090.1892920353444,no_apex_potential:30
608,-10.843017425884803,-0.2141076061874628,7.2,0.03333333333333333,0.2,0.03333333333333333,2.1594551736181335,1.528808727302446,542.8492188863877,0.15151699074074085,0.16559590608465627,0.8830568687637129,0.8487470507916163,1092.570763766289,"no_apex_potential:29, success:1"
609,-8.812860589722792,-0.4529481989641984,6.2,0.0,0.16666666666666666,0.0,2.5362987703435467,1.5930967484466165,566.3958154880557,0.14973613997114008,0.1726872510822512,0.8804664771901416,0.7479135077334643,1088.281372126203,no_apex_potential:30
610,-9.39811396971345,-0.09416338337274889,8.366666666666667,0.06666666666666667,0.36666666666666664,0.06666666666666667,1.6419651477722186,1.4163762703932432,553.5468251564613,0.15008900091136945,0.15286860509860523,0.8925660642507364,0.905975460102083,1097.932043302252,"no_apex_potential:28, success:2"
611,-14.418932632356881,-0.44153139690558113,7.6,0.0,0.03333333333333333,0.0,2.6108053259080513,1.6792289006112788,560.5076032707585,0.15366004662004673,0.18461370971620986,0.8736642505276312,0.827094857922187,1080.4331222710907,no_apex_potential:30
612,-11.803979026774565,-0.3213924363255501,7.2,0.03333333333333333,0.13333333333333333,0.03333333333333333,2.3593547074668604,1.6643676423434381,587.6789835439014,0.15381762876012886,0.1830324250749252,0.876643134820019,0.8667023221350851,1083.1354758106218,"no_apex_potential:29, success:1"
613,-11.005383153259753,-0.22147244301935037,7.466666666666667,0.03333333333333333,0.23333333333333334,0.03333333333333333,1.996726556336109,1.4707337781591077,562.6459211013179,0.15050943666355437,0.15999481559290393,0.8875608585105655,0.8447959241521573,1093.4098077750068,"no_apex_potential:29, success:1"
614,-12.89911944270134,-0.34352106899023055,7.4,0.0,0.13333333333333333,0.0,2.2282494614956834,1.5636827110112903,571.8946870557734,0.1511739285714287,0.17323363756613772,0.8830983228246594,0.832813736785578,1081.4376435248769,"no_apex_potential:29, fall_before_apex:1"
615,-11.810101424654325,-0.42807135060429574,6.8,0.0,0.1,0.0,2.500408207976342,1.6342826349978605,577.0219837546989,0.15305822991823,0.18071801948051958,0.8772345276587443,0.8132560511875765,1080.1184556720755,no_apex_potential:30
616,-10.955324564625819,-0.3988044435779254,7.466666666666667,0.0,0.23333333333333334,0.0,1.909045187261472,1.4824276017604139,582.1772351191396,0.15026663558663567,0.16122082778332789,0.8878293053545779,0.8832914857281576,1096.5869085124837,no_apex_potential:30
617,-12.134974907586972,-0.21352086886763572,7.666666666666667,0.0,0.16666666666666666,0.0,2.044950050422504,1.5072233824679244,562.5211087271783,0.1514122041847043,0.16459260582010593,0.8853436064349598,0.8808076410504586,1093.0527830768883,no_apex_potential:30
618,-11.510202786078056,-0.29923047373692196,7.133333333333334,0.03333333333333333,0.1,0.0,2.563266657822569,1.5819047342522887,572.1622329054001,0.152124644892145,0.17806602767602783,0.8787939997359416,0.8025362716561981,1080.0950322036585,"no_apex_potential:29, success:1"
619,-11.350390235086282,-0.2959488955636819,6.733333333333333,0.0,0.13333333333333333,0.0,2.247245081777703,1.5808394605438394,587.2137092248706,0.15235862914862922,0.17536868446368456,0.8809035376245193,0.8616784789427488,1087.2406984738468,no_apex_potential:30
620,-10.798292249441147,-0.41068398108084997,6.333333333333333,0.0,0.13333333333333333,0.0,2.3832111826149722,1.5726987452971035,581.0226763960637,0.1523508994708996,0.1722391269841271,0.8803878304942871,0.8111127217012712,1087.007415792291,no_apex_potential:30
621,-9.159965549161036,-0.22313095877567926,7.033333333333333,0.0,0.3333333333333333,0.0,1.8906476182017693,1.35133251141961,544.2594872418618,0.14714578703703715,0.14713153439153448,0.8947540830009593,0.7805661708826261,1099.0173843819505,no_apex_potential:30
622,-9.724970155954361,-0.3108263817926248,6.6,0.0,0.2,0.0,2.201007817737084,1.51862158240452,566.0018733327066,0.15110224206349215,0.16500644841269851,0.8841654342948235,0.8144237471942819,1090.3825544931133,no_apex_potential:30
623,-9.883670696988702,-0.04513789998988311,7.966666666666667,0.0,0.3,0.0,1.8434799264028234,1.3652914258568019,527.0157652026692,0.1499607714997422,0.15042505325828864,0.8932901477751884,0.8148710938968049,1092.2199223413331,no_apex_potential:30
624,-9.31482305849592,-0.22714280616492033,7.4,0.03333333333333333,0.3,0.03333333333333333,2.0474588533063907,1.4536453376411844,554.7360638608795,0.1506039750173575,0.1619638411261942,0.8875087739090449,0.8272073004731985,1089.2872230195503,"no_apex_potential:29, success:1"
625,-14.009733562171458,-0.37982571696241696,8.0,0.0,0.06666666666666667,0.0,2.3933037487835676,1.6567682024268686,575.2164352722582,0.15318205602389823,0.18277676755018876,0.8773429608239073,0.8576011468206429,1079.2305854414465,no_apex_potential:30
626,-11.914267171546816,-0.2707907998934388,7.633333333333334,0.0,0.16666666666666666,0.0,2.212712135931731,1.4454811982847586,562.9867891031047,0.1500563131946028,0.16267359111161758,0.8873748074220494,0.8062533508297359,1087.7883213285588,no_apex_potential:30
627,-12.64374901726842,-0.5132832723359267,6.6,0.0,0.03333333333333333,0.0,2.76796180508289,1.715054822832135,587.1376181232389,0.15521440836940847,0.1932849242424244,0.8718490219604664,0.785736917255154,1071.8165367484744,no_apex_potential:30
628,-11.996806584050258,-0.45923080344994865,6.866666666666666,0.0,0.1,0.0,2.4870595133696525,1.638785251756953,585.7982803716347,0.15184075036075048,0.18270150072150085,0.8772347126162593,0.8411615546977363,1083.879479497901,no_apex_potential:30
629,-11.062207474497457,-0.243014224867026,7.9,0.06666666666666667,0.2,0.03333333333333333,2.023611019358939,1.4537326817588456,537.120916191825,0.15113709605209616,0.15918698921448932,0.8875783418937846,0.8508231501447346,1090.9306902315539,"no_apex_potential:28, success:2"
630,-12.317279687027137,-0.2419387497007847,7.266666666666667,0.0,0.16666666666666666,0.0,2.0631470328776675,1.525638628963361,580.0644003193102,0.15170935342435357,0.16733614690864704,0.8851702337450645,0.8484400459044216,1090.0049740814327,no_apex_potential:30
631,-9.829023663451274,-0.40136914600928625,6.4,0.0,0.2,0.0,2.258029995017146,1.6139944249232683,585.1572838740292,0.15212968253968265,0.17429291005291017,0.8802814608065407,0.8356242666674499,1086.9991357034469,no_apex_potential:30
632,-8.789962850262722,-0.04516188353300095,7.2,0.0,0.36666666666666664,0.0,1.643709584804579,1.3636160905198147,551.8083498277188,0.14876003033602114,0.14741889295574287,0.8950394937415675,0.8632682254572929,1099.3811407015733,no_apex_potential:30
633,-12.562623014301062,-0.3164821922779083,7.233333333333333,0.0,0.1,0.0,2.3996697926964736,1.6341706107456762,570.9374038182989,0.15323198986199,0.17918691475191487,0.8779518667600771,0.8229177554614012,1084.4536592964448,no_apex_potential:30
634,-13.339094400405884,-0.5074099555611611,6.9,0.0,0.0,0.0,2.6200546034142502,1.7940545415606342,592.4488572649659,0.15641826238576248,0.19642388759388768,0.8688995630705392,0.8741436258497571,1076.3086399031897,no_apex_potential:30
635,-13.044255045056342,-0.31199065620700517,7.266666666666667,0.0,0.1,0.0,2.3362920337429665,1.5897175494703177,581.1119753997289,0.1530105907817674,0.17577414141414152,0.8796173652361611,0.8454883854285485,1086.2956240240223,no_apex_potential:30
636,-11.810401394963264,-0.3799197788039843,7.166666666666667,0.0,0.13333333333333333,0.0,2.3842711103844847,1.6279244460271423,574.4885793687271,0.15353426887926896,0.17879546176046188,0.8776143145652526,0.8496511160944185,1084.1882067156505,no_apex_potential:30
637,-11.042671250551939,-0.247598102192084,7.5,0.03333333333333333,0.23333333333333334,0.03333333333333333,2.1990552903577654,1.4985770927704543,552.3355450623022,0.1498083170995672,0.16254766955266967,0.885902376211444,0.7993855932523726,1090.4250802498889,"no_apex_potential:29, success:1"
638,-10.968189102659624,-0.4045748914281527,6.566666666666666,0.0,0.16666666666666666,0.0,2.2669497628682924,1.6423277801083376,578.4730288866004,0.15292834212084225,0.1740043451918453,0.879508094500806,0.8296825096002794,1086.8716268089584,no_apex_potential:30
639,-11.404329227407773,-0.22686244600142041,7.8,0.0,0.23333333333333334,0.0,2.0200588739944205,1.4222798513219703,552.2260779125753,0.14749935555185564,0.15335343813593824,0.8910496572840996,0.8176731847639094,1095.561923203783,"no_apex_potential:29, fall_before_apex:1"
640,-11.63431010817488,-0.313714640835921,7.433333333333334,0.0,0.13333333333333333,0.0,2.27925924501337,1.5494009904308794,560.4443889485124,0.15225112561186102,0.1707625982514219,0.8824836895500515,0.8008457752698468,1088.544091469687,no_apex_potential:30
641,-9.680325186687211,-0.2774494975805283,6.566666666666666,0.0,0.2,0.0,2.2863955519541945,1.5709109469272602,568.2779722736633,0.15251011138099382,0.17245887320740272,0.8811355063875655,0.8202939634472396,1083.6824799487417,no_apex_potential:30
642,-13.302137206494809,-0.4143116767207781,7.366666666666666,0.0,0.03333333333333333,0.0,2.3680142437747564,1.707456627863656,587.7219947103339,0.15463896164021174,0.18560454725829736,0.8742123604218425,0.9010458198670775,1086.2502716646115,no_apex_potential:30
643,-10.904208033780257,-0.407699853181839,5.6,0.0,0.13333333333333333,0.0,2.6119630758543395,1.6272970384566474,579.8365866244483,0.15289927248677262,0.17767671957671968,0.8763496475242394,0.7728169109443735,1083.9129560900021,no_apex_potential:30
644,-12.516728433966637,-0.3316043935716152,7.766666666666667,0.0,0.1,0.0,2.319669337213897,1.626643965613424,580.7000767098915,0.15333016534391544,0.17886208333333348,0.8784078137177455,0.8640551760731465,1083.571142614793,no_apex_potential:30
645,-11.922613306591908,-0.2983103856444359,7.0,0.0,0.16666666666666666,0.0,2.289951008101311,1.5835142871716918,579.6624683312891,0.15201850778850787,0.1740890682465684,0.8805601342194523,0.8411867064915853,1090.332906231827,no_apex_potential:30
646,-11.397827906161547,-0.2469129517674446,6.933333333333334,0.0,0.16666666666666666,0.0,2.392506587969303,1.5475669678862427,561.1331948327929,0.15080619514472465,0.16953677093059455,0.8808795803605601,0.8231418545442734,1089.4056624459697,no_apex_potential:30
647,-11.832650150358678,-0.44855593939622246,7.166666666666667,0.0,0.13333333333333333,0.0,2.294434392269958,1.568758817139331,570.9727018879361,0.15198591297591305,0.17348614034114043,0.8817348782557372,0.8200280824662097,1085.8186906404942,no_apex_potential:30
648,-12.032145290697615,-0.4041768153508504,7.733333333333333,0.0,0.16666666666666666,0.0,2.2752408373548407,1.4915335562408996,553.5690299789858,0.15174934495787448,0.16765319361466433,0.8849322302301679,0.8000951741907648,1081.834947456982,no_apex_potential:30
649,-12.123385531703631,-0.3509662126501401,7.166666666666667,0.0,0.1,0.0,2.4602859399630774,1.660283889877359,580.9476045540335,0.15421726245976258,0.18423099437599452,0.8765893978441114,0.8256742969379912,1079.4399128215855,no_apex_potential:30
650,-10.88209819967548,-0.3044760137796402,6.566666666666666,0.0,0.2,0.0,2.266321644637153,1.5616522208279546,574.8907876074301,0.15217060236060245,0.17163616402116413,0.8827172357213564,0.8003100847921518,1085.1359020075665,no_apex_potential:30
651,-12.394479752456148,-0.37204205443461735,7.4,0.0,0.1,0.0,2.2947064289498402,1.6172376569522837,576.9185244074719,0.15276769841269852,0.1765217989417991,0.8798291360750548,0.8491072569448971,1086.4660359847971,no_apex_potential:30
652,-12.741724312553803,-0.45950266818205515,6.866666666666666,0.0,0.06666666666666667,0.0,2.5669904358897444,1.6842819597391085,578.9971447541177,0.1542105639730641,0.1851659343434345,0.8740834262513218,0.8361793479450418,1082.4447543205213,no_apex_potential:30
653,-8.704016506671906,-0.1620809202392896,6.8,0.0,0.3333333333333333,0.0,1.803725628350677,1.364206586253735,536.0509949598943,0.14930296906796917,0.14900191595441606,0.8932600537961319,0.856668970609327,1097.4952264639307,no_apex_potential:30
654,-11.121908568839233,-0.3486192403982083,7.0,0.0,0.26666666666666666,0.0,1.974730883301571,1.41775980997512,560.8216488820892,0.14914598665223677,0.1552128962241463,0.8909883338599575,0.8061434444894962,1093.3689601015788,no_apex_potential:30
655,-10.711603311697642,-0.1344436484000956,6.933333333333334,0.0,0.23333333333333334,0.0,2.0747547978312517,1.452369178253462,574.0353708921471,0.14875767075517085,0.1595995238095239,0.8884118387150056,0.8471011965530243,1093.982792906571,no_apex_potential:30
656,-11.50485477745533,-0.4370469671984514,6.566666666666666,0.0,0.16666666666666666,0.0,2.348193725926096,1.5173006138006084,569.4697762566386,0.15095708689458703,0.16980986060236072,0.8828354127906094,0.8095492768132801,1085.6272594417678,no_apex_potential:30
657,-10.758106420189142,-0.3324734659244617,6.533333333333333,0.0,0.16666666666666666,0.0,2.3695607560519822,1.5153941047333945,569.7571152010656,0.15144129629629643,0.16776452380952392,0.8831097743899675,0.8010506718180053,1087.337679341103,no_apex_potential:30
658,-11.716350935399532,-0.22545609213411807,7.1,0.0,0.2,0.0,2.16552922041516,1.5480124278642307,581.158240853439,0.15256408221408227,0.1683885098235099,0.8831390077119415,0.8329397296385668,1089.3936851749193,no_apex_potential:30
659,-11.566601451610525,-0.22752666709323724,7.166666666666667,0.0,0.2,0.0,2.0564356798894234,1.4781714245758912,567.0151249064288,0.15057262293806423,0.16232582477435428,0.8866713344671443,0.8590010936024662,1092.1125364942106,no_apex_potential:30
660,-11.358071419348319,-0.3604199290275574,6.5,0.0,0.1,0.0,2.4316177360342395,1.6038883908706423,580.4551701560142,0.15279630230880242,0.17729617604617612,0.8786038988184875,0.8280115287629176,1084.3985061048113,no_apex_potential:30
661,-13.274675439794859,-0.2979456593592962,8.133333333333333,0.0,0.16666666666666666,0.0,2.06707163353153,1.49069719737216,570.0672882396118,0.14992911588411598,0.16519383383916292,0.8868722331051995,0.8685704336524032,1090.4119600171969,no_apex_potential:30
662,-12.500579861551524,-0.2479389913380146,7.433333333333334,0.0,0.13333333333333333,0.0,2.1806247711297115,1.5005977062720226,574.49799955833,0.15127207311207325,0.1681844450456952,0.8851039751246813,0.8260740622199679,1089.4219355132284,no_apex_potential:30
663,-12.202852728962899,-0.40165648609399796,7.0,0.0,0.06666666666666667,0.0,2.4721574724695277,1.7044232480601862,587.8620947781138,0.1549708066008067,0.18772774087024097,0.8741637366237265,0.8535811216415156,1078.0970406975493,no_apex_potential:30
664,-12.91749693552653,-0.4307816113034884,6.833333333333333,0.0,0.03333333333333333,0.0,2.5629678368647735,1.6508553656647253,584.9476720660803,0.15383240740740753,0.18649537037037042,0.8754737577403098,0.8396786546522681,1077.7610692974388,no_apex_potential:30
665,-11.94453731800119,-0.32728362642228603,6.766666666666667,0.0,0.2,0.0,2.1615120885104306,1.5202268367478247,581.1257061047996,0.15033493506493517,0.16578332972582985,0.8852047593568757,0.8163618970263816,1091.6850710003464,no_apex_potential:30
666,-11.315718274315198,-0.2040961716324091,6.866666666666666,0.0,0.23333333333333334,0.0,2.0754108704110323,1.4170097947553393,541.1208289432295,0.15040852060707335,0.15716109161793385,0.8889878924356858,0.792339516586267,1091.5693620230477,no_apex_potential:30
667,-13.764260921875636,-0.40460281471411386,7.7,0.0,0.06666666666666667,0.0,2.493768251594306,1.575225230416558,579.7188706488982,0.15315585257335268,0.17800578921078933,0.8800861765795917,0.7757392754204063,1077.8343816374334,no_apex_potential:30
668,-13.407834921280543,-0.36788926646113396,7.366666666666666,0.0,0.1,0.0,2.353885900663852,1.6085656567587714,578.8822362097222,0.15361108959266864,0.1794086349712667,0.8794797042797097,0.8123723714356272,1080.2700036257233,no_apex_potential:30
669,-13.217490346978108,-0.24944842805465062,7.666666666666667,0.03333333333333333,0.1,0.0,2.2597401171822766,1.6042747899512828,573.7363121316961,0.15203689273689283,0.17467522126022142,0.8801034432764582,0.8684874878847463,1090.3986783295861,"no_apex_potential:29, success:1"
670,-14.054984932641188,-0.399147732105727,7.7,0.0,0.06666666666666667,0.0,2.5486667348662686,1.606501544126691,582.0093694273821,0.15223452596380238,0.18029999974197358,0.8788293414525346,0.7773376877861566,1078.6373276857914,no_apex_potential:30
671,-10.3211361117661,-0.23806419825802247,7.166666666666667,0.0,0.16666666666666666,0.0,2.2058613072001285,1.5274106802478373,572.4590538709588,0.15086863044363058,0.17001338013838027,0.8845370859889269,0.8320779762869434,1080.5258753867113,"no_apex_potential:29, fall_before_apex:1"
672,-12.506385189046462,-0.37479142273465793,6.933333333333334,0.0,0.06666666666666667,0.0,2.5247836884350603,1.6386082992561068,582.0611390114206,0.15380552970177983,0.183212068903319,0.8766057642031861,0.8239010577478826,1079.3863415825208,no_apex_potential:30
673,-12.86740533610185,-0.48192309389511745,8.1,0.03333333333333333,0.06666666666666667,0.03333333333333333,2.4143678142837905,1.6756400651403378,576.0910368352421,0.15451802188552202,0.18539422799422808,0.876346745421616,0.8459088481463933,1078.5407164035298,"no_apex_potential:29, success:1"
674,-11.914551556358735,-0.3333885322014491,7.033333333333333,0.0,0.1,0.0,2.2919891073931904,1.662201082477173,585.5882681807011,0.15362827552077565,0.1796729306804308,0.8772314643393816,0.8871217486657996,1087.8432622926566,no_apex_potential:30
675,-9.079970742358515,-0.2654617810000976,6.333333333333333,0.0,0.3,0.0,2.0564472661356463,1.4302090574177484,563.8855049227021,0.15033646113146126,0.1572920563695565,0.8898459824598348,0.7889348881166298,1092.2678783095141,no_apex_potential:30
676,-11.733834242324034,-0.31424088805603484,7.2,0.0,0.16666666666666666,0.0,2.346833679796314,1.5136721269854971,562.8502883857299,0.15058366101491114,0.16892243987493996,0.8835903873419113,0.791734884669139,1085.2694048313188,no_apex_potential:30
677,-11.226183013990521,-0.26283758332331975,7.433333333333334,0.0,0.23333333333333334,0.0,2.072206984434731,1.5146624870446745,565.9534674245199,0.15164912901912914,0.1667390689865691,0.8859113978051819,0.8415198711726853,1088.126345840487,no_apex_potential:30
678,-11.439783996219436,-0.22337015767892202,6.566666666666666,0.0,0.2,0.0,2.247811952206339,1.4917012135343721,571.1069069083048,0.15135705026455037,0.1665848677248678,0.8856998346692642,0.78160521774471,1084.1590179209365,no_apex_potential:30
679,-11.606608482450246,-0.3591835230588913,6.633333333333334,0.0,0.13333333333333333,0.0,2.493580092971601,1.5930919868641902,568.5701622451184,0.15182953583453593,0.17544103174603187,0.8787762226759639,0.8126787372173189,1084.5876047656056,no_apex_potential:30
680,-11.330459006379048,-0.3730488394697507,6.466666666666667,0.0,0.13333333333333333,0.0,2.5140129376245235,1.622855107103208,570.2455546624614,0.15235457431457441,0.17820290764790778,0.8778259228488273,0.7930199096135222,1082.4607525582724,no_apex_potential:30
681,-12.136951138575872,-0.30308604361489416,7.266666666666667,0.0,0.16666666666666666,0.0,2.1815305930692444,1.524862099346293,575.7154049250879,0.15178487614237623,0.16899262506012522,0.8845403584403054,0.8258906513377071,1089.1093470315527,no_apex_potential:30
682,-10.798396553347509,-0.36578213721513747,7.0,0.03333333333333333,0.16666666666666666,0.03333333333333333,2.3955787544462988,1.55732952677747,582.1150730782712,0.15251146316646327,0.17607561864061877,0.8816798401096977,0.7889311386888779,1078.6334724924031,"no_apex_potential:29, success:1"
683,-11.170487099140882,-0.20702894553542137,6.5,0.0,0.2,0.0,2.208063959965172,1.499969633893164,584.2799546378941,0.15116513107263116,0.16745747234247246,0.8854704419178073,0.7830922638532534,1086.5882725301756,no_apex_potential:30
684,-10.127345962822437,-0.301862337688605,6.933333333333334,0.03333333333333333,0.26666666666666666,0.03333333333333333,1.9618904650943938,1.4468861999027045,574.1811470579568,0.14975759259259275,0.15854439814814827,0.8886705734884164,0.8705600392575813,1097.2835264436487,"no_apex_potential:29, success:1"
685,-11.928590613603593,-0.3923833752206216,6.966666666666667,0.0,0.16666666666666666,0.0,2.3021119996816135,1.5945703273547482,578.6813120807011,0.15318007321110272,0.17486239913136983,0.8798965093334389,0.8339341950865802,1086.0695097185637,no_apex_potential:30
686,-11.63845327794552,-0.29315583407878876,6.8,0.0,0.2,0.0,2.155200447539976,1.5044893587211894,580.9474388757034,0.15134345663595675,0.16602312261812271,0.8852898798173142,0.8039234653278524,1090.430059321297,no_apex_potential:30
687,-11.636809658259153,-0.34863696346680323,6.766666666666667,0.0,0.13333333333333333,0.0,2.35626013543434,1.5957747383853287,584.7083020185945,0.15273791412291424,0.1755809462759464,0.8804309575790048,0.7982687979231637,1083.9328318042462,no_apex_potential:30
688,-11.85057084330668,-0.3110387216011683,6.733333333333333,0.0,0.16666666666666666,0.0,2.278768047100627,1.505010680740851,577.70941571422,0.15140598725348736,0.16855891534391543,0.8845113814245587,0.7919716224331839,1087.6482699396688,no_apex_potential:30
689,-12.692562407503525,-0.2985159513851007,7.833333333333333,0.0,0.13333333333333333,0.0,2.2307005796152803,1.5877142126335577,575.9671351036503,0.15113528091189862,0.17292657430804503,0.882278536065627,0.8363148011882776,1086.9765870774095,no_apex_potential:30
690,-11.871466932073236,-0.3695638413230578,6.8,0.0,0.13333333333333333,0.0,2.3159448645251777,1.6274169749135412,579.166963561234,0.15315862433862443,0.17795083333333347,0.8788734517644655,0.8402702578149053,1082.1498710952853,no_apex_potential:30
691,-11.857373525388539,-0.2198253861318032,7.6,0.0,0.23333333333333334,0.0,2.0753510701832036,1.5156643073546978,575.856883065324,0.15088686581936595,0.16474966838716848,0.8856078432661391,0.8484059849168192,1093.683655514226,no_apex_potential:30
692,-11.615803838272889,-0.18771894772847494,7.533333333333333,0.0,0.23333333333333334,0.0,1.9180931718521257,1.4202484551751402,551.0667436382208,0.14931847222222233,0.1539020436507937,0.8902686372772168,0.8462718298866837,1099.7096559698755,no_apex_potential:30
693,-11.914958130568266,-0.3154049751659234,7.166666666666667,0.0,0.13333333333333333,0.0,2.2445560260429787,1.6078138219621312,582.5102353712128,0.15314509620009628,0.17562171717171726,0.8801483132511637,0.8488911439096437,1087.4488306242745,no_apex_potential:30
694,-12.256332129240036,-0.38107244968414306,7.033333333333333,0.0,0.06666666666666667,0.0,2.485582413523277,1.7085161963441577,582.6581663841379,0.15506899267399277,0.1866512863987865,0.8738979911626887,0.8585131483770848,1079.358578055663,no_apex_potential:30
695,-12.462511988232533,-0.434246044109265,7.166666666666667,0.0,0.1,0.0,2.448542596204624,1.5907074807882,579.0682836049559,0.15294142719480966,0.17784275219061996,0.8795976719053168,0.7903429348799218,1081.8782199430298,no_apex_potential:30
696,-12.304439140794178,-0.28828555792570115,7.233333333333333,0.0,0.16666666666666666,0.0,2.182555198266214,1.5488919951834244,579.8234429059918,0.15147902726902737,0.16833933455433467,0.8828661931586244,0.8576190769596128,1093.1627029666663,no_apex_potential:30
697,-10.259738572935264,-0.2753449554865559,7.8,0.0,0.3,0.0,1.7111180484288893,1.3770038184506748,551.422113520617,0.148765990038227,0.1474158234601657,0.8942482415099812,0.8584827761846408,1103.031374569779,no_apex_potential:30
698,-9.22716392527024,-0.19313968798766534,5.7,0.0,0.3,0.0,2.0118082907621173,1.4448655194568119,579.8530867090911,0.1506091269841271,0.15721511904761917,0.8887770301550445,0.8096019818539271,1094.0443003800276,no_apex_potential:30
699,-11.647189460073909,-0.48094905614852906,7.333333333333333,0.0,0.16666666666666666,0.0,2.2556271249893283,1.6134568736710047,574.9399742092238,0.15257531204906213,0.17400686327561338,0.8804111702153583,0.8423390080545767,1088.2855999973228,no_apex_potential:30
700,-11.258947377279402,-0.18081476390361786,8.033333333333333,0.03333333333333333,0.26666666666666666,0.03333333333333333,1.9086636882472736,1.4715378429194268,546.4218721061962,0.1511148588067707,0.15974597332950283,0.887969847792011,0.8792699187100017,1094.8953596251215,"no_apex_potential:29, success:1"
701,-11.559164014955362,-0.25829428682724637,6.766666666666667,0.0,0.16666666666666666,0.0,2.2779640629250477,1.5252288925154234,573.5059772724969,0.15065055615680625,0.1664499681337183,0.8833770229655035,0.8077968994898244,1092.1456348242777,no_apex_potential:30
702,-12.748853864024083,-0.37735739549001057,7.833333333333333,0.0,0.2,0.0,1.9375746055070207,1.4709951334798121,555.2653537045557,0.1504239604839606,0.1587005033855035,0.8880981491628225,0.8746364347791116,1097.7495527504127,no_apex_potential:30
703,-13.345170762886603,-0.3735403284430504,8.233333333333333,0.03333333333333333,0.1,0.03333333333333333,2.3146908179204444,1.7069733482936147,582.6055415980729,0.1546662178416127,0.18589389328020917,0.8761669562593065,0.8622740680563898,1079.4900168520694,"no_apex_potential:29, success:1"
704,-12.244589042911928,-0.3744295174876849,7.0,0.0,0.16666666666666666,0.0,2.3589983417479217,1.4768858227093875,555.5796168487017,0.1480667796092797,0.1610862656787658,0.8851225497136122,0.776401925215382,1094.320383989382,no_apex_potential:30
705,-11.096502708457411,-0.4988576134045919,6.566666666666666,0.03333333333333333,0.13333333333333333,0.03333333333333333,2.5513209393216645,1.6353466970801158,584.0366493282435,0.15265303724053736,0.1810856074481076,0.8772295083640138,0.7837622050745296,1080.0204775983684,"no_apex_potential:29, success:1"
706,-11.50686522871256,-0.37012111246585844,7.333333333333333,0.0,0.2,0.0,2.1973614373739623,1.5291702249353105,572.7647607916041,0.15128696072446085,0.16905560310060316,0.88410300113332,0.8140428053639895,1088.5170054044218,no_apex_potential:30
707,-11.777870490339895,-0.4223219737410545,6.733333333333333,0.0,0.16666666666666666,0.0,2.342906093563314,1.486152969450888,570.9897799945674,0.15009114163614173,0.1659011100936102,0.8852236636705251,0.7582909647736659,1089.020601328822,no_apex_potential:30
708,-11.622679116452733,-0.44811517496903736,6.266666666666667,0.0,0.13333333333333333,0.0,2.5079251324995915,1.6175031179825803,586.4913318104865,0.15366742664742675,0.1808921705146706,0.8769047024609817,0.8339105157033003,1080.402423724188,no_apex_potential:30
709,-6.566369598731399,-0.1331172784169515,5.8,0.0,0.43333333333333335,0.0,1.709538500381415,1.251512829584292,553.8052056361382,0.1464368783068784,0.137169761904762,0.8995917250936833,0.7821324439285603,1102.919550335386,no_apex_potential:30
710,-12.576081871489684,-0.1291497657696406,8.0,0.03333333333333333,0.2,0.03333333333333333,1.9873928566405115,1.5132615565168501,579.8677708484854,0.1514460620860622,0.166608755873756,0.8858588731397197,0.8840471435413629,1092.722589361648,"no_apex_potential:29, success:1"
711,-14.834610519806544,-0.4203147221589461,8.533333333333333,0.0,0.1,0.0,2.1202389888969986,1.5149926526849482,560.5926161804157,0.15126561717694081,0.16643933797683808,0.8848497879044864,0.8714699906011293,1090.9756155470704,no_apex_potential:30
712,-11.441857537130515,-0.5065710072716078,6.266666666666667,0.0,0.13333333333333333,0.0,2.4803540184663655,1.6735352608816365,586.045839307187,0.15390279886779898,0.18154649128649145,0.875501508535055,0.8285849037624134,1082.9382206761645,no_apex_potential:30
713,-11.958594452838103,-0.48685827255249026,6.6,0.0,0.06666666666666667,0.0,2.475440655976781,1.6950815465276803,590.9911043816088,0.15432563251563267,0.18731618566618588,0.8747815881168766,0.8475458800686332,1079.0437276498335,no_apex_potential:30
714,-11.008958395694693,-0.211864106853803,6.666666666666667,0.0,0.2,0.0,1.990794803433931,1.418595941133149,561.4618440228364,0.1491158633958635,0.15466023689273697,0.8896337331862114,0.8313908564287541,1099.3024315638263,no_apex_potential:30
715,-13.372665147359173,-0.3993663663665454,7.333333333333333,0.0,0.1,0.0,2.3217304016963043,1.619553831287399,580.9189310521789,0.15317362073112084,0.17852069624819633,0.8789281087676064,0.8537072683548129,1085.0369731295737,no_apex_potential:30
716,-13.89220826625824,-0.3549797751940787,7.9,0.0,0.06666666666666667,0.0,2.441669892885246,1.557432951417532,578.944682381367,0.15237104652972314,0.1780038619740827,0.8806926984449625,0.8220749726649998,1078.7438979714764,no_apex_potential:30
717,-12.203996430834135,-0.36801850994428,6.566666666666666,0.0,0.13333333333333333,0.0,2.3994514410838956,1.6201137160039956,584.0374101688527,0.15344066627816638,0.17878216921966936,0.8791264708603197,0.7919199043137327,1082.687412155042,no_apex_potential:30
718,-13.053815808333457,-0.4789514847099781,7.533333333333333,0.0,0.1,0.0,2.5177192898177276,1.5966972733574964,560.4686883159794,0.15220332047095214,0.1770981513710462,0.8790284272208926,0.7887345660499139,1080.7765705187728,no_apex_potential:30
719,-15.161149317150315,-0.28279755053420863,9.3,0.03333333333333333,0.06666666666666667,0.0,2.1288489373193475,1.6284393110486557,569.031074045765,0.15350263153513166,0.17804376780626796,0.8807477681474569,0.8852206593321709,1085.5323273075353,"no_apex_potential:29, success:1"
720,-11.98104616055886,-0.45146758705377577,6.366666666666666,0.0,0.06666666666666667,0.0,2.749550791351663,1.6783178621750179,585.3303889742806,0.15402437830687846,0.19024145502645512,0.8735388894960042,0.7858763598360615,1070.638000943188,no_apex_potential:30
721,-13.996110647668441,-0.3342693452412883,8.233333333333333,0.0,0.13333333333333333,0.0,2.06508668957252,1.5651609409867773,577.3230848325204,0.15225644990487108,0.1726031923339819,0.8836948644644548,0.8701517253485583,1087.9127017425792,no_apex_potential:30
722,-13.452821128070354,-0.453218171497186,7.533333333333333,0.0,0.06666666666666667,0.0,2.472935715712487,1.6265481258231447,567.9189565751884,0.15389556277056293,0.1821400649350651,0.8781495541323427,0.8099995513360931,1076.9179768465006,no_apex_potential:30
723,-10.867896528666218,-0.4245593493183454,6.9,0.03333333333333333,0.16666666666666666,0.03333333333333333,2.351377461943401,1.6304233372608437,583.6149202234429,0.1536204737854739,0.17854839466089475,0.8785518120845238,0.8264836788076159,1083.4086378522497,"no_apex_potential:29, success:1"
724,-13.166199047118425,-0.32227705617745717,7.466666666666667,0.0,0.1,0.0,2.2319452721884434,1.6633613878181206,575.732977444397,0.15344444740444751,0.17879866032116043,0.8778807867087808,0.891466304190528,1086.7947072090071,no_apex_potential:30
725,-11.09796503695349,-0.3400603989760081,7.0,0.0,0.23333333333333334,0.0,2.16981514651027,1.4520012601084809,541.1244562079595,0.15109015873015888,0.16076418192918204,0.8868701626998852,0.7963637255620789,1088.6016017189638,no_apex_potential:30
726,-13.238603137433529,-0.5117562084148327,7.533333333333333,0.0,0.06666666666666667,0.0,2.3766391935270135,1.6989712954785838,587.5310396804039,0.15371101495726508,0.18431701923076937,0.8756865318934708,0.858671648682258,1083.1476697947055,no_apex_potential:30
727,-10.445362081875404,-0.3458073099454244,6.966666666666667,0.03333333333333333,0.2,0.03333333333333333,2.1618759340414764,1.477555620654183,574.3886326161228,0.1502387698412699,0.1625914682539684,0.886723697767498,0.7970654651570831,1090.6967631223263,"no_apex_potential:29, success:1"
728,-13.580693686753511,-0.33756464837739864,7.766666666666667,0.0,0.06666666666666667,0.0,2.429124520166155,1.6285262231947149,574.5999862051355,0.1526864405964407,0.17863540163540179,0.8778113192784348,0.8462011095024355,1085.7712343712526,no_apex_potential:30
729,-12.025241054594517,-0.36429769148429236,7.033333333333333,0.0,0.1,0.0,2.445819000934519,1.6342182649219803,580.2282297070423,0.15390803030303038,0.1831991582491584,0.8772152775009405,0.8351952582355172,1079.6262785470713,no_apex_potential:30
730,-12.5941976711154,-0.30081282605727516,7.633333333333334,0.0,0.16666666666666666,0.0,2.0156268494019103,1.4889936240605892,559.3780637887338,0.1513267895067896,0.16294721028971043,0.8862383331518332,0.8699388992425503,1093.8287044843123,no_apex_potential:30
731,-13.7907823762546,-0.33600018409391247,8.0,0.0,0.13333333333333333,0.0,2.204450713560908,1.5102632760521078,566.336399214658,0.15068871693121705,0.16590718253968273,0.8841585066264871,0.8442704970408966,1091.9797423064697,no_apex_potential:30
732,-11.365137209370733,-0.37098983029524485,6.766666666666667,0.0,0.16666666666666666,0.0,2.2449045399337653,1.5857282986109653,575.919462120409,0.15213892144892152,0.17347654558404565,0.881317275173943,0.8528189849584337,1086.4349348102862,no_apex_potential:30
733,-11.812026952952147,-0.4026817170282205,6.6,0.0,0.1,0.0,2.543691695373472,1.677088350902585,584.3907979401689,0.15334944564694578,0.18267983886483893,0.8748097629971738,0.8356239710404789,1084.9541589999785,no_apex_potential:30
734,-14.594206065187851,-0.42614221647381784,8.3,0.0,0.1,0.0,2.3268568356774852,1.6047381553605637,569.7602220169033,0.15310150025900035,0.17768846237096253,0.880251044483335,0.8222198401586198,1081.8275015738532,no_apex_potential:30
735,-12.001349232594173,-0.30943798888474705,6.8,0.0,0.13333333333333333,0.0,2.3759879568311453,1.5873967808145428,583.5725141947001,0.15294612023597323,0.177442219251337,0.879952839456888,0.8196203232968623,1082.389045615675,no_apex_potential:30
736,-14.139212707926829,-0.3418285196026166,7.333333333333333,0.0,0.1,0.0,2.3404253234004337,1.6717236270374827,582.8521958504144,0.1532829232804234,0.18182414021164037,0.877659225820833,0.8291869503521706,1083.9045403095029,no_apex_potential:30
737,-12.988373866180579,-0.552133618791898,7.066666666666666,0.0,0.06666666666666667,0.0,2.4281347280176697,1.748839675350749,591.5124895963093,0.15495973637473648,0.18968942760942778,0.8727272468016143,0.880493544249706,1080.7598382050674,no_apex_potential:30
738,-14.858027567217748,-0.3313206431766351,8.1,0.0,0.06666666666666667,0.0,2.272629806715836,1.59852674169491,585.2781033457736,0.15309030723905737,0.17937775974025988,0.8795984085217471,0.8830464327484755,1083.3852028847289,no_apex_potential:30
739,-10.134115513414145,-0.16125726997852324,5.966666666666667,0.0,0.23333333333333334,0.0,2.22236686575053,1.481725786999906,580.916063812986,0.1510840527065528,0.16461347171347182,0.8853679109260781,0.791417109218245,1090.284971302862,no_apex_potential:30
740,-11.602604266256094,-0.09585946202278137,7.266666666666667,0.0,0.26666666666666666,0.0,1.9460950508633827,1.4374560248788688,560.7070409654947,0.1495734431853551,0.15487693199502037,0.889044739628758,0.8765525713264677,1101.9169393571071,no_apex_potential:30
741,-13.081366857358566,-0.34793872088193895,7.2,0.0,0.13333333333333333,0.0,2.1344268532187205,1.594198069026856,580.8300047096268,0.1521206697931699,0.17242318783068797,0.8818727264962366,0.8681983505746501,1088.5701580203493,no_apex_potential:30
742,-13.799878196169933,-0.27328977137804034,8.066666666666666,0.0,0.13333333333333333,0.0,2.1409850321277983,1.5493531382644727,572.0014414452355,0.15091431656306667,0.17000284548784558,0.8836532374003184,0.8589821631575456,1090.9828547321003,no_apex_potential:30
743,-12.637299896776677,-0.48298230916261675,6.5,0.0,0.06666666666666667,0.0,2.7150470637987936,1.771431039273097,589.280793304869,0.15609972582972595,0.19697403679653694,0.8701071308291002,0.8131586288558784,1067.615466432505,no_apex_potential:30
744,-14.32165149152279,-0.44757779985666274,7.4,0.0,0.03333333333333333,0.0,2.5364221244738734,1.6635816667882044,578.4030813130178,0.15435202311333904,0.1852964612921193,0.875705124196539,0.8125353227835371,1077.3404163594087,no_apex_potential:30
745,-14.184236428824564,-0.374271726111571,8.333333333333334,0.0,0.06666666666666667,0.0,2.3009114517582163,1.6126490811418857,576.7333680760623,0.15353475815306708,0.1803433231311174,0.8792327320959018,0.8852432714173518,1081.0576212798267,no_apex_potential:30
746,-13.022849928836028,-0.3047729849815369,8.266666666666667,0.03333333333333333,0.1,0.03333333333333333,2.2490463786607924,1.6231866173220115,580.5016369743022,0.1534506832981834,0.18102223729973738,0.8792629802232396,0.8959296654410954,1081.926778109852,"no_apex_potential:29, success:1"
747,-12.653060791641474,-0.5220552931229273,6.533333333333333,0.0,0.03333333333333333,0.0,2.710102738964849,1.692752468992206,587.7024519054328,0.1542888624338626,0.1904266582491584,0.8732197471972618,0.8030226566807729,1071.6654940209223,"no_apex_potential:29, fall_before_apex:1"
748,-13.64461808502674,-0.3610872042675813,7.366666666666666,0.0,0.1,0.0,2.430674142244007,1.6331045331189702,577.9015001916589,0.1525562806637808,0.17941402116402128,0.8784100813280431,0.833226443070701,1081.6191833780858,no_apex_potential:30
749,-12.417472743925948,-0.3402689545104901,7.466666666666667,0.0,0.16666666666666666,0.0,2.2381854082334365,1.5771168747144602,565.1001030559611,0.15238543622499512,0.17188153679653687,0.8822011136777623,0.8118696604030472,1085.2099035883393,no_apex_potential:30
750,-12.615973277886708,-0.35008617838223777,7.3,0.0,0.1,0.0,2.4440940577617374,1.6412449476224666,572.3540232085845,0.1522874903799905,0.1809236387686389,0.8770463150519474,0.8603034264396517,1083.7807136061751,no_apex_potential:30
751,-11.864641687273979,-0.36908476104338966,6.733333333333333,0.0,0.13333333333333333,0.0,2.4492110026342093,1.593590749461795,573.3096207893747,0.15105747354497365,0.1753413756613758,0.880495340300095,0.7767556861530743,1079.8586791675193,"no_apex_potential:29, fall_before_apex:1"
752,-15.659309244155883,-0.4569854810833931,8.1,0.0,0.0,0.0,2.437647039007439,1.689259593364406,579.8624307164374,0.1546481542531544,0.18660938085063097,0.875410067530246,0.8492220837940917,1081.2221568130851,no_apex_potential:30
753,-12.152685640876491,-0.3034134328365326,7.0,0.0,0.16666666666666666,0.0,2.2104518381276237,1.4803446269604321,562.2568036898585,0.14944165945165955,0.16187232730232737,0.8859741343069398,0.8371729906575992,1094.640877887545,no_apex_potential:30
754,-12.22784788608551,-0.32478045324484506,7.466666666666667,0.0,0.16666666666666666,0.0,2.216209901591763,1.6096314776855978,564.165846399659,0.1530718267843269,0.17541121415621433,0.8808571114347856,0.8480948144330672,1082.9775725193654,no_apex_potential:30
755,-12.704598472515743,-0.42708815733591715,6.9,0.03333333333333333,0.1,0.03333333333333333,2.634445272942897,1.7234972113621392,590.5112754430181,0.15508659451659462,0.1922142580567582,0.873234074819725,0.7845504101721733,1070.6220959841278,"no_apex_potential:29, success:1"
756,-11.727968370666106,-0.2438206169133385,7.2,0.0,0.23333333333333334,0.0,2.0643927264443622,1.4863735407421956,556.5576689853334,0.1497438487873783,0.16229235874691766,0.88648531955388,0.8384460729663078,1094.9717237567527,no_apex_potential:30
757,-12.404350084563097,-0.3226110450923443,7.066666666666666,0.0,0.1,0.0,2.3229861736492454,1.634448611351142,581.7305165953316,0.15360390664890672,0.17930361453361465,0.8781000301262537,0.8665339486776914,1083.5213159681573,no_apex_potential:30
758,-10.386103656639655,-0.4045007715622584,6.433333333333334,0.0,0.23333333333333334,0.0,2.171337249063273,1.5107906656498633,567.7399838184842,0.15023497234247243,0.16644418710918718,0.8858618574939319,0.8113292543230031,1087.4162865660078,no_apex_potential:30
759,-9.77212989727656,-0.265683975815773,6.9,0.0,0.3,0.0,2.002940595326554,1.4450219929787924,555.8997119719422,0.15095686683686693,0.15906694342694352,0.888849078973987,0.8133774091796802,1092.4564350630671,no_apex_potential:30
760,-13.771452029546102,-0.2973258766035239,7.666666666666667,0.0,0.13333333333333333,0.0,2.1785649404415603,1.5960633815996552,565.664061226953,0.15221679247767497,0.17313499350594952,0.8818552230739063,0.8625642179294835,1082.1696592522107,no_apex_potential:30
761,-12.480278728405635,-0.47535290122032164,6.133333333333334,0.0,0.06666666666666667,0.0,2.6639889929039455,1.732339838828274,594.0672975373626,0.1546426719576721,0.19100716931216946,0.8725248484804804,0.7819594349256758,1074.488431146722,no_apex_potential:30
762,-13.065166809409856,-0.3736965571840604,7.533333333333333,0.0,0.13333333333333333,0.0,2.216285743071695,1.5680333766953267,571.6144879905304,0.15250943722943733,0.17280988455988472,0.8822862325774097,0.8369758271559519,1086.3774900242875,no_apex_potential:30
763,-12.253883944141368,-0.3204949527978897,7.8,0.03333333333333333,0.16666666666666666,0.03333333333333333,2.320484602594169,1.6639647126811576,572.565508477263,0.15353061327561338,0.17925720719095734,0.8775853353102744,0.8449033285370182,1084.6183046304766,"no_apex_potential:29, success:1"
764,-11.980642313448092,-0.3244257319718599,6.833333333333333,0.0,0.13333333333333333,0.0,2.2328784895624643,1.5901040145255567,586.6083557056775,0.15293528739778753,0.1750856132756134,0.8799435584985713,0.8888776658891057,1089.6369480681608,no_apex_potential:30
765,-11.30760909592112,-0.5143513958901167,6.333333333333333,0.0,0.1,0.0,2.6765087590800363,1.6032824839479807,572.3146133236226,0.15278572649572666,0.18166324786324803,0.8770648653368059,0.7693489501818339,1075.4366802829616,no_apex_potential:30
766,-9.88551269074281,-0.16201624671618145,7.366666666666666,0.0,0.3,0.0,1.940256517518407,1.4577666097118362,556.1617549019134,0.15043004032459925,0.1575515311921195,0.8887229703668466,0.8504867423522839,1093.3956949484407,no_apex_potential:30
767,-9.749467600882053,-0.24035358627637227,6.3,0.03333333333333333,0.26666666666666666,0.0,2.068170284062793,1.4812130806827517,572.4179456268565,0.15039869408369416,0.15955314935064943,0.8874629459771091,0.7986966757875911,1093.5205676103444,"no_apex_potential:29, success:1"
768,-11.265767879411579,-0.2344292857994636,7.2,0.0,0.23333333333333334,0.0,1.9546981493168387,1.4613419225815596,554.8864560153526,0.15108866635543114,0.15920550019152974,0.8878388827343604,0.8610648308486524,1095.274957346521,no_apex_potential:30
769,-13.848503375550111,-0.4759050144193073,7.466666666666667,0.0,0.03333333333333333,0.0,2.5036668351259115,1.7210573326634024,580.0609400327864,0.15499894015341392,0.1900887771195667,0.8734335511275559,0.8656479035680615,1074.1308907798773,"no_apex_potential:29, fall_before_apex:1"
770,-13.428098339835802,-0.4176411755383015,7.333333333333333,0.0,0.06666666666666667,0.0,2.4833899810044695,1.7123378836297019,562.9376398236193,0.15507610449735457,0.1874529695767197,0.8736427572644043,0.837328337889612,1076.7281760279309,no_apex_potential:30
771,-12.350730080654223,-0.2858933332065741,6.733333333333333,0.0,0.13333333333333333,0.0,2.2250015461276305,1.6098774645836438,586.2556903495032,0.15329000474471074,0.1729350858455271,0.8791694087139448,0.8731525774564015,1091.9285723698354,no_apex_potential:30
772,-13.041141199072202,-0.5104589139421781,7.1,0.0,0.03333333333333333,0.0,2.7032198204851627,1.7730284146379758,566.7992656639597,0.15540955415499544,0.1910820074696547,0.8694519612315884,0.8347921481513633,1077.4750491448056,no_apex_potential:30
773,-10.8306133069098,-0.3286024257540703,6.166666666666667,0.0,0.23333333333333334,0.0,2.163646193839786,1.4854955980675375,572.6428316302578,0.15092890452140467,0.16381473063973076,0.886398294231055,0.7970344678169781,1089.6670986547333,no_apex_potential:30
774,-12.207776205490033,-0.40465324620405835,6.633333333333334,0.0,0.13333333333333333,0.0,2.357411368620036,1.6113703823980061,578.0000687573161,0.15291304769304775,0.17550539062789078,0.8792305178026375,0.8232022000745302,1086.950471035848,no_apex_potential:30
775,-11.802299152563016,-0.25497309571752946,7.033333333333333,0.0,0.2,0.0,1.9950526628224152,1.4216642037067968,547.8837056231573,0.14917019841269855,0.15478805555555564,0.8895325193158333,0.8383079887922978,1098.8384061122354,no_apex_potential:30
776,-11.780135451008876,-0.2999587307373683,6.4,0.0,0.16666666666666666,0.0,2.3194853077995163,1.566346023662788,580.7724431798699,0.1520125000000001,0.17276158730158742,0.8819397152673482,0.8055509702445834,1085.42272360042,no_apex_potential:30
777,-10.343332637101412,-0.3653432380408049,6.366666666666666,0.0,0.23333333333333334,0.0,2.2350765443835288,1.5354745461856818,575.1086803361053,0.1508395934280146,0.16682031189083835,0.8844706917267616,0.7755554864808719,1088.1173818844159,no_apex_potential:30
778,-11.840445647512873,-0.3245101037124793,7.4,0.0,0.2,0.0,2.183573973669339,1.5446847932885723,564.2008971234817,0.15164336219336233,0.168957344877345,0.8834973230180182,0.8242731557218115,1086.4313890457324,no_apex_potential:30
779,-13.753526106849312,-0.3740976049254338,7.466666666666667,0.0,0.1,0.0,2.3547799029673735,1.6732560134717425,580.0543826048512,0.15303295528545538,0.18116646520146532,0.8772811002867678,0.8509857545231692,1078.229704413194,"no_apex_potential:29, fall_before_apex:1"
780,-11.31567985812823,-0.401886781056722,6.866666666666666,0.0,0.16666666666666666,0.0,2.3303578537101832,1.5818017324824258,571.9321653692588,0.15236128306878313,0.1741727092352093,0.8812131523115431,0.8006498022687801,1083.1981827103782,no_apex_potential:30
781,-13.447436642646789,-0.4000443200270335,6.933333333333334,0.0,0.06666666666666667,0.0,2.545771967939348,1.6574970847283035,583.2616117000928,0.1539474300699302,0.183417435897436,0.8755478549039141,0.8185301394847365,1080.6070376447308,no_apex_potential:30
782,-13.300164597978194,-0.2843120393653711,7.833333333333333,0.0,0.13333333333333333,0.0,2.27478747462315,1.6030382279935274,567.4314325038619,0.1530634478021979,0.17657349104599118,0.8802162529189804,0.8437326187676845,1083.2954583705446,no_apex_potential:30
783,-14.219368118047715,-0.4266005625327428,7.4,0.0,0.03333333333333333,0.0,2.520873227751685,1.6665674769338532,585.9666038266495,0.15434525012025022,0.1879279232804234,0.8756645817713432,0.835868962968778,1075.7899029741939,no_apex_potential:30
784,-14.911222823460896,-0.5009692206978797,7.333333333333333,0.0,0.0,0.0,2.6768953838089025,1.7292815350918385,584.0571760028186,0.15571574481074493,0.19329286935286952,0.8717130376708563,0.8229397376567698,1072.521108612568,no_apex_potential:30
785,-13.42042577068011,-0.3875925958156586,7.466666666666667,0.0,0.13333333333333333,0.0,2.311242486577169,1.61240672608348,577.5394492961892,0.15285188040717465,0.1775738125763127,0.8797723031075094,0.8338820343186212,1082.02577746438,no_apex_potential:30
786,-13.619890248775482,-0.3846626323337356,7.5,0.0,0.1,0.0,2.375323694070029,1.5964751200200564,580.6464457835092,0.1532287338100497,0.17867016193845153,0.8791152670485549,0.8418573171039436,1081.3181018961725,no_apex_potential:30
787,-13.632493607203166,-0.46255995370447633,7.3,0.0,0.03333333333333333,0.0,2.5818040527293022,1.7234559092842683,593.2943104840066,0.15552379704445893,0.19284200465656362,0.8727013639096789,0.8376583226103202,1072.28706306277,no_apex_potential:30
788,-13.586228083694975,-0.18308478419979413,7.633333333333334,0.0,0.16666666666666666,0.0,2.0766085407504566,1.596566865962903,582.0470255467495,0.15241432132682142,0.1724302625152626,0.8820951949231007,0.8840910767345258,1089.4792920691511,no_apex_potential:30
789,-14.111243448220193,-0.45766390264034273,7.033333333333333,0.0,0.06666666666666667,0.0,2.5623774974914606,1.6651186497039696,580.7171591435846,0.1527925811688313,0.18341523148148162,0.8760384070147056,0.8002638102775622,1081.1063825454273,no_apex_potential:30
790,-13.284906596690416,-0.5128347143530846,7.266666666666667,0.0,0.06666666666666667,0.0,2.5417498135122787,1.6657742499460588,568.7889705935412,0.15405237253487264,0.1854292291967293,0.8756229907498018,0.8286712892827376,1074.7505072931112,no_apex_potential:30
791,-14.670666425923507,-0.3944886898001035,7.866666666666666,0.03333333333333333,0.06666666666666667,0.03333333333333333,2.4229488849240806,1.76307504493958,581.067067228112,0.1558134535834537,0.19190423100048112,0.8721072958563816,0.8959706001575722,1078.4456476960086,"no_apex_potential:29, success:1"
792,-10.983161266148091,-0.19979746242364246,7.033333333333333,0.0,0.23333333333333334,0.0,2.2102430052776403,1.5209370776196036,552.4836112847115,0.15069443103193111,0.1656867282717284,0.8840931403974983,0.8223870514808139,1090.0659833700188,no_apex_potential:30
793,-14.203477521364887,-0.45461166203022,7.266666666666667,0.0,0.03333333333333333,0.0,2.541483676754719,1.7429428950719767,585.7100501117766,0.15546847883597895,0.19186961640211656,0.8727106487005902,0.8393084415043817,1072.7058205263697,no_apex_potential:30
794,-12.292179871412616,-0.5140200604995092,6.4,0.0,0.06666666666666667,0.0,2.5710211329883847,1.721076167077508,590.2874097071032,0.15474855468605478,0.1880753702778704,0.8731791166436687,0.8156331470778749,1078.7966450866231,no_apex_potential:30
795,-10.555731109902263,-0.2948293715715408,6.5,0.0,0.23333333333333334,0.0,2.1352524018158827,1.443342542343798,546.5293505568861,0.1492624617049618,0.15616729298479312,0.8885050678231683,0.7960822307799026,1094.1722435224126,no_apex_potential:30
796,-13.15268192725877,-0.30648824324210483,7.2,0.0,0.16666666666666666,0.0,2.171672752934422,1.485043265909738,574.4467722179631,0.1514243938955782,0.1659068707316077,0.8861837887839172,0.8029769496557685,1087.0756349714616,no_apex_potential:30
797,-12.243850845595201,-0.31555644795298576,6.533333333333333,0.0,0.16666666666666666,0.0,2.3555494082520156,1.6297097119483754,585.8736328338905,0.15274485449735462,0.17714201298701315,0.8789390229452497,0.8178036835018365,1083.149081007644,no_apex_potential:30
798,-12.598175947864851,-0.383893691500028,6.733333333333333,0.0,0.1,0.0,2.4011760329571317,1.5734504431522895,580.2614762054652,0.15224419312169324,0.1756301455026456,0.879958764339953,0.8476501126222623,1085.3091781482522,no_apex_potential:30
799,-10.591229224950075,-0.16418520426377653,6.566666666666666,0.0,0.23333333333333334,0.0,2.1117090283856887,1.453942879959041,578.8067923210273,0.14954648911273924,0.16066650895400905,0.8875593313446591,0.8225697045845123,1092.4103397331962,no_apex_potential:30
800,-13.17834989676873,-0.4020903378725052,7.033333333333333,0.0,0.13333333333333333,0.0,2.357410414172419,1.5440780955013247,567.7602436938911,0.1512172496947498,0.17010264092389102,0.8819258657660758,0.7998777994677858,1090.140186610285,no_apex_potential:30
